{"0.0": {"precision": 0.8714011516314779, "recall": 1.0, "f1-score": 0.9312820512820513, "support": 454}, "1.0": {"precision": 1.0, "recall": 0.9713552800342027, "f1-score": 0.9854695293862503, "support": 2339}, "accuracy": 0.9760114572144647, "macro avg": {"precision": 0.935700575815739, "recall": 0.9856776400171013, "f1-score": 0.9583757903341508, "support": 2793}, "weighted avg": {"precision": 0.9790963561907235, "recall": 0.9760114572144647, "f1-score": 0.9766613965329363, "support": 2793}}