{"0.0": {"precision": 0.9192307692307692, "recall": 1.0, "f1-score": 0.9579158316633267, "support": 478}, "1.0": {"precision": 1.0, "recall": 0.9832669322709163, "f1-score": 0.991562876657292, "support": 2510}, "accuracy": 0.9859437751004017, "macro avg": {"precision": 0.9596153846153845, "recall": 0.9916334661354582, "f1-score": 0.9747393541603093, "support": 2988}, "weighted avg": {"precision": 0.9870790855730613, "recall": 0.9859437751004017, "f1-score": 0.9861802503162227, "support": 2988}}