{"0.0": {"precision": 0.8607142857142858, "recall": 1.0, "f1-score": 0.9251439539347409, "support": 241}, "1.0": {"precision": 1.0, "recall": 0.9839704069050554, "f1-score": 0.9919204474829086, "support": 2433}, "accuracy": 0.9854151084517576, "macro avg": {"precision": 0.9303571428571429, "recall": 0.9919852034525277, "f1-score": 0.9585322007088248, "support": 2674}, "weighted avg": {"precision": 0.9874465754888343, "recall": 0.9854151084517576, "f1-score": 0.9859020724099435, "support": 2674}}