{"0.0": {"precision": 0.8874172185430463, "recall": 1.0, "f1-score": 0.9403508771929824, "support": 804}, "1.0": {"precision": 1.0, "recall": 0.9755688622754491, "f1-score": 0.9876333656644034, "support": 4175}, "accuracy": 0.9795139586262301, "macro avg": {"precision": 0.9437086092715232, "recall": 0.9877844311377246, "f1-score": 0.9639921214286928, "support": 4979}, "weighted avg": {"precision": 0.9818203341451314, "recall": 0.9795139586262301, "f1-score": 0.9799982741337703, "support": 4979}}