{"0.0": {"precision": 0.9126092384519351, "recall": 1.0, "f1-score": 0.9543080939947781, "support": 731}, "1.0": {"precision": 1.0, "recall": 0.9813383097840576, "f1-score": 0.9905812701829925, "support": 3751}, "accuracy": 0.9843819723337796, "macro avg": {"precision": 0.9563046192259675, "recall": 0.9906691548920288, "f1-score": 0.9724446820888852, "support": 4482}, "weighted avg": {"precision": 0.9857468436654093, "recall": 0.9843819723337796, "f1-score": 0.9846652300684042, "support": 4482}}