{"0.0": {"precision": 0.8117647058823529, "recall": 1.0, "f1-score": 0.8961038961038961, "support": 69}, "1.0": {"precision": 1.0, "recall": 0.9603960396039604, "f1-score": 0.9797979797979798, "support": 404}, "accuracy": 0.9661733615221987, "macro avg": {"precision": 0.9058823529411765, "recall": 0.9801980198019802, "f1-score": 0.9379509379509379, "support": 473}, "weighted avg": {"precision": 0.9725407287650789, "recall": 0.9661733615221987, "f1-score": 0.967588906278124, "support": 473}}