{"0.0": {"precision": 0.8875739644970414, "recall": 1.0, "f1-score": 0.9404388714733541, "support": 150}, "1.0": {"precision": 1.0, "recall": 0.9758576874205845, "f1-score": 0.9877813504823152, "support": 787}, "accuracy": 0.9797225186766275, "macro avg": {"precision": 0.9437869822485208, "recall": 0.9879288437102922, "f1-score": 0.9641101109778347, "support": 937}, "weighted avg": {"precision": 0.9820022355117997, "recall": 0.9797225186766275, "f1-score": 0.9802025117935809, "support": 937}}