{"0.0": {"precision": 0.92, "recall": 1.0, "f1-score": 0.9583333333333334, "support": 69}, "1.0": {"precision": 1.0, "recall": 0.986013986013986, "f1-score": 0.9929577464788732, "support": 429}, "accuracy": 0.9879518072289156, "macro avg": {"precision": 0.96, "recall": 0.993006993006993, "f1-score": 0.9756455399061033, "support": 498}, "weighted avg": {"precision": 0.9889156626506025, "recall": 0.9879518072289156, "f1-score": 0.9881603880309973, "support": 498}}