{"0.0": {"precision": 1.0, "recall": 0.8766686590954373, "f1-score": 0.9342817708886294, "support": 5019}, "1.0": {"precision": 0.0, "recall": 0.0, "f1-score": 0.0, "support": 0}, "accuracy": 0.8766686590954373, "macro avg": {"precision": 0.5, "recall": 0.43833432954771867, "f1-score": 0.4671408854443147, "support": 5019}, "weighted avg": {"precision": 1.0, "recall": 0.8766686590954373, "f1-score": 0.9342817708886294, "support": 5019}}