{"0.0": {"precision": 1.0, "recall": 0.987646941621837, "f1-score": 0.993785084202085, "support": 5019}, "1.0": {"precision": 0.0, "recall": 0.0, "f1-score": 0.0, "support": 0}, "accuracy": 0.987646941621837, "macro avg": {"precision": 0.5, "recall": 0.4938234708109185, "f1-score": 0.4968925421010425, "support": 5019}, "weighted avg": {"precision": 1.0, "recall": 0.987646941621837, "f1-score": 0.993785084202085, "support": 5019}}