{"0.0": {"precision": 1.0, "recall": 0.8766686590954373, "f1-score": 0.9342817708886294, "support": 5019}, "accuracy": 0.8766686590954373, "weighted avg": {"precision": 1.0, "recall": 0.8766686590954373, "f1-score": 0.9342817708886294, "support": 5019}}