{"0.0": {"precision": 1.0, "recall": 0.9934249850567842, "f1-score": 0.9967016491754123, "support": 5019}, "1.0": {"precision": 0.0, "recall": 0.0, "f1-score": 0.0, "support": 0}, "accuracy": 0.9934249850567842, "macro avg": {"precision": 0.5, "recall": 0.4967124925283921, "f1-score": 0.49835082458770613, "support": 5019}, "weighted avg": {"precision": 1.0, "recall": 0.9934249850567842, "f1-score": 0.9967016491754123, "support": 5019}}