{"0.0": {"precision": 1.0, "recall": 0.987646941621837, "f1-score": 0.993785084202085, "support": 5019}, "accuracy": 0.987646941621837, "weighted avg": {"precision": 1.0, "recall": 0.987646941621837, "f1-score": 0.993785084202085, "support": 5019}}