{"0.0": {"precision": 1.0, "recall": 0.785415421398685, "f1-score": 0.8798125209240041, "support": 5019}, "accuracy": 0.785415421398685, "weighted avg": {"precision": 1.0, "recall": 0.785415421398685, "f1-score": 0.8798125209240041, "support": 5019}}