{"0.0": {"precision": 1.0, "recall": 0.9996015142458657, "f1-score": 0.9998007174172978, "support": 5019}, "accuracy": 0.9996015142458657, "weighted avg": {"precision": 1.0, "recall": 0.9996015142458657, "f1-score": 0.9998007174172979, "support": 5019}}