{"0": {"precision": 1.0, "recall": 0.9706762417713943, "f1-score": 0.9851199514120862, "support": 5013}, "1": {"precision": 0.0392156862745098, "recall": 1.0, "f1-score": 0.07547169811320754, "support": 6}, "accuracy": 0.9707112970711297, "macro avg": {"precision": 0.5196078431372549, "recall": 0.9853381208856972, "f1-score": 0.5302958247626469, "support": 5019}, "weighted avg": {"precision": 0.998851423414554, "recall": 0.9707112970711297, "f1-score": 0.984032505801448, "support": 5019}}