{"0.0": {"precision": 1.0, "recall": 0.9944011197760448, "f1-score": 0.9971927010226589, "support": 5001}, "1.0": {"precision": 0.0, "recall": 0.0, "f1-score": 0.0, "support": 0}, "accuracy": 0.9944011197760448, "macro avg": {"precision": 0.5, "recall": 0.4972005598880224, "f1-score": 0.49859635051132944, "support": 5001}, "weighted avg": {"precision": 1.0, "recall": 0.9944011197760448, "f1-score": 0.997192701022659, "support": 5001}}