{"0.0": {"precision": 1.0, "recall": 0.785415421398685, "f1-score": 0.8798125209240041, "support": 5019}, "1.0": {"precision": 0.0, "recall": 0.0, "f1-score": 0.0, "support": 0}, "accuracy": 0.785415421398685, "macro avg": {"precision": 0.5, "recall": 0.3927077106993425, "f1-score": 0.43990626046200204, "support": 5019}, "weighted avg": {"precision": 1.0, "recall": 0.785415421398685, "f1-score": 0.8798125209240041, "support": 5019}}