{"0.0": {"precision": 1.0, "recall": 0.9581589958158996, "f1-score": 0.9786324786324786, "support": 5019}, "accuracy": 0.9581589958158996, "weighted avg": {"precision": 1.0, "recall": 0.9581589958158996, "f1-score": 0.9786324786324786, "support": 5019}}