{"0.0": {"precision": 1.0, "recall": 0.9934249850567842, "f1-score": 0.9967016491754123, "support": 5019}, "accuracy": 0.9934249850567842, "weighted avg": {"precision": 1.0, "recall": 0.9934249850567842, "f1-score": 0.9967016491754123, "support": 5019}}