{"0.0": {"precision": 1.0, "recall": 0.9990037856146643, "f1-score": 0.9995016445729095, "support": 5019}, "1.0": {"precision": 0.0, "recall": 0.0, "f1-score": 0.0, "support": 0}, "accuracy": 0.9990037856146643, "macro avg": {"precision": 0.5, "recall": 0.49950189280733215, "f1-score": 0.49975082228645473, "support": 5019}, "weighted avg": {"precision": 1.0, "recall": 0.9990037856146643, "f1-score": 0.9995016445729095, "support": 5019}}