{"0.0": {"precision": 1.0, "recall": 0.9990037856146643, "f1-score": 0.9995016445729095, "support": 5019}, "accuracy": 0.9990037856146643, "weighted avg": {"precision": 1.0, "recall": 0.9990037856146643, "f1-score": 0.9995016445729095, "support": 5019}}