{"0.0": {"precision": 1.0, "recall": 0.9996015142458657, "f1-score": 0.9998007174172978, "support": 5019}, "1.0": {"precision": 0.0, "recall": 0.0, "f1-score": 0.0, "support": 0}, "accuracy": 0.9996015142458657, "macro avg": {"precision": 0.5, "recall": 0.49980075712293287, "f1-score": 0.4999003587086489, "support": 5019}, "weighted avg": {"precision": 1.0, "recall": 0.9996015142458657, "f1-score": 0.9998007174172979, "support": 5019}}