{"0.0": {"precision": 1.0, "recall": 0.9581589958158996, "f1-score": 0.9786324786324786, "support": 5019}, "1.0": {"precision": 0.0, "recall": 0.0, "f1-score": 0.0, "support": 0}, "accuracy": 0.9581589958158996, "macro avg": {"precision": 0.5, "recall": 0.4790794979079498, "f1-score": 0.4893162393162393, "support": 5019}, "weighted avg": {"precision": 1.0, "recall": 0.9581589958158996, "f1-score": 0.9786324786324786, "support": 5019}}