{"0": {"precision": 1.0, "recall": 0.9993654822335025, "f1-score": 0.999682640431609, "support": 4728}, "1": {"precision": 0.9897959183673469, "recall": 1.0, "f1-score": 0.9948717948717948, "support": 291}, "accuracy": 0.9994022713687986, "macro avg": {"precision": 0.9948979591836735, "recall": 0.9996827411167513, "f1-score": 0.997277217651702, "support": 5019}, "weighted avg": {"precision": 0.9994083706405456, "recall": 0.9994022713687986, "f1-score": 0.9994037091588643, "support": 5019}}