{"0": {"precision": 1.0, "recall": 0.9969574036511156, "f1-score": 0.9984763839512443, "support": 4930}, "1": {"precision": 0.8557692307692307, "recall": 1.0, "f1-score": 0.9222797927461139, "support": 89}, "accuracy": 0.9970113568439928, "macro avg": {"precision": 0.9278846153846154, "recall": 0.9984787018255579, "f1-score": 0.9603780883486791, "support": 5019}, "weighted avg": {"precision": 0.99744241114534, "recall": 0.9970113568439928, "f1-score": 0.997125219054401, "support": 5019}}