{"0": {"precision": 1.0, "recall": 0.9992028696691909, "f1-score": 0.9996012759170655, "support": 5018}, "1": {"precision": 0.2, "recall": 1.0, "f1-score": 0.33333333333333337, "support": 1}, "accuracy": 0.9992030284917314, "macro avg": {"precision": 0.6, "recall": 0.9996014348345954, "f1-score": 0.6664673046251994, "support": 5019}, "weighted avg": {"precision": 0.9998406056983462, "recall": 0.9992030284917314, "f1-score": 0.9994685267752875, "support": 5019}}