{"0.0": {"precision": 1.0, "recall": 0.9754931261207412, "f1-score": 0.9875945537065054, "support": 5019}, "1.0": {"precision": 0.0, "recall": 0.0, "f1-score": 0.0, "support": 0}, "accuracy": 0.9754931261207412, "macro avg": {"precision": 0.5, "recall": 0.4877465630603706, "f1-score": 0.4937972768532527, "support": 5019}, "weighted avg": {"precision": 1.0, "recall": 0.9754931261207412, "f1-score": 0.9875945537065053, "support": 5019}}