{"0.0": {"precision": 1.0, "recall": 0.989041641761307, "f1-score": 0.9944906340779325, "support": 5019}, "accuracy": 0.989041641761307, "weighted avg": {"precision": 1.0, "recall": 0.989041641761307, "f1-score": 0.9944906340779325, "support": 5019}}