{"0.0": {"precision": 0.8625827814569537, "recall": 1.0, "f1-score": 0.9262222222222223, "support": 521}, "1.0": {"precision": 1.0, "recall": 0.9696637426900585, "f1-score": 0.984598255706068, "support": 2736}, "accuracy": 0.9745164261590421, "macro avg": {"precision": 0.9312913907284768, "recall": 0.9848318713450293, "f1-score": 0.9554102389641451, "support": 3257}, "weighted avg": {"precision": 0.9780183079948028, "recall": 0.9745164261590421, "f1-score": 0.975260241138956, "support": 3257}}