{"0.0": {"precision": 0.8787878787878788, "recall": 1.0, "f1-score": 0.9354838709677419, "support": 377}, "1.0": {"precision": 1.0, "recall": 0.9733606557377049, "f1-score": 0.9865005192107995, "support": 1952}, "accuracy": 0.9776728209531989, "macro avg": {"precision": 0.9393939393939394, "recall": 0.9866803278688525, "f1-score": 0.9609921950892707, "support": 2329}, "weighted avg": {"precision": 0.9803791456861445, "recall": 0.9776728209531989, "f1-score": 0.9782423498730438, "support": 2329}}