{"0.0": {"precision": 0.8673469387755102, "recall": 1.0, "f1-score": 0.9289617486338798, "support": 595}, "1.0": {"precision": 1.0, "recall": 0.9708893154190659, "f1-score": 0.9852296705080343, "support": 3126}, "accuracy": 0.9755442085460898, "macro avg": {"precision": 0.9336734693877551, "recall": 0.9854446577095329, "f1-score": 0.9570957095709571, "support": 3721}, "weighted avg": {"precision": 0.9787883441471187, "recall": 0.9755442085460898, "f1-score": 0.9762322468275393, "support": 3721}}