{"0.0": {"precision": 1.0, "recall": 0.9915695067264574, "f1-score": 0.9957669098441863, "support": 5575}, "accuracy": 0.9915695067264574, "weighted avg": {"precision": 1.0, "recall": 0.9915695067264574, "f1-score": 0.9957669098441863, "support": 5575}}