{"0.0": {"precision": 1.0, "recall": 0.9991031390134529, "f1-score": 0.9995513683266039, "support": 5575}, "accuracy": 0.9991031390134529, "weighted avg": {"precision": 1.0, "recall": 0.9991031390134529, "f1-score": 0.9995513683266039, "support": 5575}}