{"0.0": {"precision": 1.0, "recall": 0.9994618834080717, "f1-score": 0.9997308692921862, "support": 5575}, "1.0": {"precision": 0.0, "recall": 0.0, "f1-score": 0.0, "support": 0}, "accuracy": 0.9994618834080717, "macro avg": {"precision": 0.5, "recall": 0.49973094170403587, "f1-score": 0.4998654346460931, "support": 5575}, "weighted avg": {"precision": 1.0, "recall": 0.9994618834080717, "f1-score": 0.9997308692921862, "support": 5575}}