{"0.0": {"precision": 1.0, "recall": 0.9992825112107623, "f1-score": 0.9996411268616544, "support": 5575}, "1.0": {"precision": 0.0, "recall": 0.0, "f1-score": 0.0, "support": 0}, "accuracy": 0.9992825112107623, "macro avg": {"precision": 0.5, "recall": 0.49964125560538114, "f1-score": 0.4998205634308272, "support": 5575}, "weighted avg": {"precision": 1.0, "recall": 0.9992825112107623, "f1-score": 0.9996411268616544, "support": 5575}}