{"0.0": {"precision": 1.0, "recall": 0.9872645739910314, "f1-score": 0.9935914793753949, "support": 5575}, "accuracy": 0.9872645739910314, "weighted avg": {"precision": 1.0, "recall": 0.9872645739910314, "f1-score": 0.993591479375395, "support": 5575}}