{"0.0": {"precision": 1.0, "recall": 0.9965919282511211, "f1-score": 0.998293055430779, "support": 5575}, "1.0": {"precision": 0.0, "recall": 0.0, "f1-score": 0.0, "support": 0}, "accuracy": 0.9965919282511211, "macro avg": {"precision": 0.5, "recall": 0.49829596412556054, "f1-score": 0.4991465277153895, "support": 5575}, "weighted avg": {"precision": 1.0, "recall": 0.9965919282511211, "f1-score": 0.998293055430779, "support": 5575}}