{"0.0": {"precision": 1.0, "recall": 0.9872645739910314, "f1-score": 0.9935914793753949, "support": 5575}, "1.0": {"precision": 0.0, "recall": 0.0, "f1-score": 0.0, "support": 0}, "accuracy": 0.9872645739910314, "macro avg": {"precision": 0.5, "recall": 0.4936322869955157, "f1-score": 0.49679573968769747, "support": 5575}, "weighted avg": {"precision": 1.0, "recall": 0.9872645739910314, "f1-score": 0.993591479375395, "support": 5575}}