{"0.0": {"precision": 1.0, "recall": 0.9583856502242153, "f1-score": 0.9787506869389999, "support": 5575}, "accuracy": 0.9583856502242153, "weighted avg": {"precision": 1.0, "recall": 0.9583856502242153, "f1-score": 0.9787506869389999, "support": 5575}}