{"0.0": {"precision": 1.0, "recall": 0.9991031390134529, "f1-score": 0.9995513683266039, "support": 5575}, "1.0": {"precision": 0.0, "recall": 0.0, "f1-score": 0.0, "support": 0}, "accuracy": 0.9991031390134529, "macro avg": {"precision": 0.5, "recall": 0.49955156950672647, "f1-score": 0.4997756841633019, "support": 5575}, "weighted avg": {"precision": 1.0, "recall": 0.9991031390134529, "f1-score": 0.9995513683266039, "support": 5575}}