{"0.0": {"precision": 1.0, "recall": 0.9982062780269059, "f1-score": 0.9991023339317774, "support": 5575}, "1.0": {"precision": 0.0, "recall": 0.0, "f1-score": 0.0, "support": 0}, "accuracy": 0.9982062780269059, "macro avg": {"precision": 0.5, "recall": 0.49910313901345293, "f1-score": 0.4995511669658887, "support": 5575}, "weighted avg": {"precision": 1.0, "recall": 0.9982062780269059, "f1-score": 0.9991023339317774, "support": 5575}}