{"0.0": {"precision": 1.0, "recall": 0.9583856502242153, "f1-score": 0.9787506869389999, "support": 5575}, "1.0": {"precision": 0.0, "recall": 0.0, "f1-score": 0.0, "support": 0}, "accuracy": 0.9583856502242153, "macro avg": {"precision": 0.5, "recall": 0.47919282511210765, "f1-score": 0.48937534346949996, "support": 5575}, "weighted avg": {"precision": 1.0, "recall": 0.9583856502242153, "f1-score": 0.9787506869389999, "support": 5575}}