{"0": {"precision": 1.0, "recall": 0.9972627737226277, "f1-score": 0.9986295111923252, "support": 5480}, "1": {"precision": 0.8636363636363636, "recall": 1.0, "f1-score": 0.9268292682926829, "support": 95}, "accuracy": 0.9973094170403587, "macro avg": {"precision": 0.9318181818181819, "recall": 0.9986313868613139, "f1-score": 0.962729389742504, "support": 5575}, "weighted avg": {"precision": 0.9976763147166735, "recall": 0.9973094170403587, "f1-score": 0.9974060092953807, "support": 5575}}