{"0.0": {"precision": 1.0, "recall": 0.9945994599459946, "f1-score": 0.9972924187725632, "support": 5555}, "accuracy": 0.9945994599459946, "weighted avg": {"precision": 1.0, "recall": 0.9945994599459946, "f1-score": 0.9972924187725632, "support": 5555}}