{"0.0": {"precision": 1.0, "recall": 0.9897757847533633, "f1-score": 0.99486162444785, "support": 5575}, "accuracy": 0.9897757847533633, "weighted avg": {"precision": 1.0, "recall": 0.9897757847533633, "f1-score": 0.99486162444785, "support": 5575}}