{"0": {"precision": 1.0, "recall": 0.9992822537233088, "f1-score": 0.9996409980254891, "support": 5573}, "1": {"precision": 0.3333333333333333, "recall": 1.0, "f1-score": 0.5, "support": 2}, "accuracy": 0.9992825112107623, "macro avg": {"precision": 0.6666666666666666, "recall": 0.9996411268616544, "f1-score": 0.7498204990127446, "support": 5575}, "weighted avg": {"precision": 0.9997608370702542, "recall": 0.9992825112107623, "f1-score": 0.9994617546181257, "support": 5575}}