{"0.0": {"precision": 1.0, "recall": 0.9926457399103139, "f1-score": 0.9963092987667657, "support": 5575}, "1.0": {"precision": 0.0, "recall": 0.0, "f1-score": 0.0, "support": 0}, "accuracy": 0.9926457399103139, "macro avg": {"precision": 0.5, "recall": 0.49632286995515695, "f1-score": 0.49815464938338283, "support": 5575}, "weighted avg": {"precision": 1.0, "recall": 0.9926457399103139, "f1-score": 0.9963092987667657, "support": 5575}}