{"0.0": {"precision": 1.0, "recall": 0.5452914798206278, "f1-score": 0.705745792222867, "support": 5575}, "accuracy": 0.5452914798206278, "weighted avg": {"precision": 1.0, "recall": 0.5452914798206278, "f1-score": 0.705745792222867, "support": 5575}}