{"0.0": {"precision": 1.0, "recall": 0.9926457399103139, "f1-score": 0.9963092987667657, "support": 5575}, "accuracy": 0.9926457399103139, "weighted avg": {"precision": 1.0, "recall": 0.9926457399103139, "f1-score": 0.9963092987667657, "support": 5575}}