{"0.0": {"precision": 1.0, "recall": 0.9897757847533633, "f1-score": 0.99486162444785, "support": 5575}, "1.0": {"precision": 0.0, "recall": 0.0, "f1-score": 0.0, "support": 0}, "accuracy": 0.9897757847533633, "macro avg": {"precision": 0.5, "recall": 0.4948878923766816, "f1-score": 0.497430812223925, "support": 5575}, "weighted avg": {"precision": 1.0, "recall": 0.9897757847533633, "f1-score": 0.99486162444785, "support": 5575}}