{"0.0": {"precision": 1.0, "recall": 0.9915695067264574, "f1-score": 0.9957669098441863, "support": 5575}, "1.0": {"precision": 0.0, "recall": 0.0, "f1-score": 0.0, "support": 0}, "accuracy": 0.9915695067264574, "macro avg": {"precision": 0.5, "recall": 0.4957847533632287, "f1-score": 0.4978834549220931, "support": 5575}, "weighted avg": {"precision": 1.0, "recall": 0.9915695067264574, "f1-score": 0.9957669098441863, "support": 5575}}