{"0.0": {"precision": 1.0, "recall": 0.9982062780269059, "f1-score": 0.9991023339317774, "support": 5575}, "accuracy": 0.9982062780269059, "weighted avg": {"precision": 1.0, "recall": 0.9982062780269059, "f1-score": 0.9991023339317774, "support": 5575}}