{"0.0": {"precision": 1.0, "recall": 0.9992825112107623, "f1-score": 0.9996411268616544, "support": 5575}, "accuracy": 0.9992825112107623, "weighted avg": {"precision": 1.0, "recall": 0.9992825112107623, "f1-score": 0.9996411268616544, "support": 5575}}