{"0": {"precision": 1.0, "recall": 0.999239399125309, "f1-score": 0.9996195548792087, "support": 5259}, "1": {"precision": 0.9875, "recall": 1.0, "f1-score": 0.9937106918238994, "support": 316}, "accuracy": 0.9992825112107623, "macro avg": {"precision": 0.99375, "recall": 0.9996196995626545, "f1-score": 0.996665123351554, "support": 5575}, "weighted avg": {"precision": 0.9992914798206278, "recall": 0.9992825112107623, "f1-score": 0.9992846309822621, "support": 5575}}