{"0.0": {"precision": 1.0, "recall": 0.6678026905829596, "f1-score": 0.800817380081738, "support": 5575}, "accuracy": 0.6678026905829596, "weighted avg": {"precision": 1.0, "recall": 0.6678026905829596, "f1-score": 0.8008173800817379, "support": 5575}}