{"0.0": {"precision": 1.0, "recall": 0.9994618834080717, "f1-score": 0.9997308692921862, "support": 5575}, "accuracy": 0.9994618834080717, "weighted avg": {"precision": 1.0, "recall": 0.9994618834080717, "f1-score": 0.9997308692921862, "support": 5575}}