{"0.0": {"precision": 1.0, "recall": 0.995695067264574, "f1-score": 0.9978428905266943, "support": 5575}, "accuracy": 0.995695067264574, "weighted avg": {"precision": 1.0, "recall": 0.995695067264574, "f1-score": 0.9978428905266943, "support": 5575}}