{"0.0": {"precision": 1.0, "recall": 0.9965919282511211, "f1-score": 0.998293055430779, "support": 5575}, "accuracy": 0.9965919282511211, "weighted avg": {"precision": 1.0, "recall": 0.9965919282511211, "f1-score": 0.998293055430779, "support": 5575}}