{"0.0": {"precision": 1.0, "recall": 0.6678026905829596, "f1-score": 0.800817380081738, "support": 5575}, "1.0": {"precision": 0.0, "recall": 0.0, "f1-score": 0.0, "support": 0}, "accuracy": 0.6678026905829596, "macro avg": {"precision": 0.5, "recall": 0.3339013452914798, "f1-score": 0.400408690040869, "support": 5575}, "weighted avg": {"precision": 1.0, "recall": 0.6678026905829596, "f1-score": 0.8008173800817379, "support": 5575}}