{"0.0": {"precision": 1.0, "recall": 0.08789237668161436, "f1-score": 0.1615828524319868, "support": 5575}, "1.0": {"precision": 0.0, "recall": 0.0, "f1-score": 0.0, "support": 0}, "accuracy": 0.08789237668161436, "macro avg": {"precision": 0.5, "recall": 0.04394618834080718, "f1-score": 0.0807914262159934, "support": 5575}, "weighted avg": {"precision": 1.0, "recall": 0.08789237668161436, "f1-score": 0.1615828524319868, "support": 5575}}