{"0.0": {"precision": 1.0, "recall": 0.08789237668161436, "f1-score": 0.1615828524319868, "support": 5575}, "accuracy": 0.08789237668161436, "weighted avg": {"precision": 1.0, "recall": 0.08789237668161436, "f1-score": 0.1615828524319868, "support": 5575}}