{"0.0": {"precision": 1.0, "recall": 0.5452914798206278, "f1-score": 0.705745792222867, "support": 5575}, "1.0": {"precision": 0.0, "recall": 0.0, "f1-score": 0.0, "support": 0}, "accuracy": 0.5452914798206278, "macro avg": {"precision": 0.5, "recall": 0.2726457399103139, "f1-score": 0.3528728961114335, "support": 5575}, "weighted avg": {"precision": 1.0, "recall": 0.5452914798206278, "f1-score": 0.705745792222867, "support": 5575}}