{"0.0": {"precision": 0.8855989232839838, "recall": 0.9984825493171472, "f1-score": 0.9386590584878745, "support": 659}, "1.0": {"precision": 0.9997094712376525, "recall": 0.9758933635847986, "f1-score": 0.9876578645235362, "support": 3526}, "accuracy": 0.9794504181600956, "macro avg": {"precision": 0.9426541972608182, "recall": 0.9871879564509729, "f1-score": 0.9631584615057054, "support": 4185}, "weighted avg": {"precision": 0.9817408090867642, "recall": 0.9794504181600956, "f1-score": 0.9799421624500593, "support": 4185}}