{"0.0": {"precision": 0.7864077669902912, "recall": 1.0, "f1-score": 0.8804347826086956, "support": 162}, "1.0": {"precision": 1.0, "recall": 0.9728729963008631, "f1-score": 0.98625, "support": 1622}, "accuracy": 0.9753363228699552, "macro avg": {"precision": 0.8932038834951457, "recall": 0.9864364981504316, "f1-score": 0.9333423913043477, "support": 1784}, "weighted avg": {"precision": 0.980604292742392, "recall": 0.9753363228699552, "f1-score": 0.9766412190485475, "support": 1784}}