{"0.0": {"precision": 0.8837209302325582, "recall": 1.0, "f1-score": 0.9382716049382717, "support": 152}, "1.0": {"precision": 1.0, "recall": 0.976303317535545, "f1-score": 0.988009592326139, "support": 844}, "accuracy": 0.9799196787148594, "macro avg": {"precision": 0.9418604651162791, "recall": 0.9881516587677726, "f1-score": 0.9631405986322054, "support": 996}, "weighted avg": {"precision": 0.982254599794527, "recall": 0.9799196787148594, "f1-score": 0.9804190560982717, "support": 996}}