{"0.0": {"precision": 0.8092105263157895, "recall": 1.0, "f1-score": 0.8945454545454546, "support": 492}, "1.0": {"precision": 1.0, "recall": 0.9760923330585326, "f1-score": 0.9879015435961618, "support": 4852}, "accuracy": 0.9782934131736527, "macro avg": {"precision": 0.9046052631578947, "recall": 0.9880461665292664, "f1-score": 0.9412234990708082, "support": 5344}, "weighted avg": {"precision": 0.982434801449732, "recall": 0.9782934131736527, "f1-score": 0.9793066342000263, "support": 5344}}