{"0.0": {"precision": 1.0, "recall": 0.9582586427656851, "f1-score": 0.9786844514188572, "support": 3905}, "accuracy": 0.9582586427656851, "weighted avg": {"precision": 1.0, "recall": 0.9582586427656851, "f1-score": 0.9786844514188572, "support": 3905}}