{"0.0": {"precision": 1.0, "recall": 0.9938319198149576, "f1-score": 0.996906419180201, "support": 3891}, "1.0": {"precision": 0.0, "recall": 0.0, "f1-score": 0.0, "support": 0}, "accuracy": 0.9938319198149576, "macro avg": {"precision": 0.5, "recall": 0.4969159599074788, "f1-score": 0.4984532095901005, "support": 3891}, "weighted avg": {"precision": 1.0, "recall": 0.9938319198149576, "f1-score": 0.996906419180201, "support": 3891}}