{"0": {"precision": 1.0, "recall": 0.97, "f1-score": 0.9847715736040609, "support": 3900}, "1": {"precision": 0.040983606557377046, "recall": 1.0, "f1-score": 0.07874015748031496, "support": 5}, "accuracy": 0.9700384122919334, "macro avg": {"precision": 0.5204918032786885, "recall": 0.985, "f1-score": 0.5317558655421879, "support": 3905}, "weighted avg": {"precision": 0.9987720660775382, "recall": 0.9700384122919334, "f1-score": 0.9836114821621611, "support": 3905}}