{"0.0": {"precision": 1.0, "recall": 0.9869398207426376, "f1-score": 0.9934269880139193, "support": 3905}, "accuracy": 0.9869398207426376, "weighted avg": {"precision": 1.0, "recall": 0.9869398207426376, "f1-score": 0.9934269880139193, "support": 3905}}