{"0.0": {"precision": 1.0, "recall": 0.9874519846350832, "f1-score": 0.993686380621054, "support": 3905}, "1.0": {"precision": 0.0, "recall": 0.0, "f1-score": 0.0, "support": 0}, "accuracy": 0.9874519846350832, "macro avg": {"precision": 0.5, "recall": 0.4937259923175416, "f1-score": 0.496843190310527, "support": 3905}, "weighted avg": {"precision": 1.0, "recall": 0.9874519846350832, "f1-score": 0.993686380621054, "support": 3905}}