{"0.0": {"precision": 1.0, "recall": 0.911651728553137, "f1-score": 0.9537843268586739, "support": 3905}, "accuracy": 0.911651728553137, "weighted avg": {"precision": 1.0, "recall": 0.911651728553137, "f1-score": 0.9537843268586739, "support": 3905}}