{"0.0": {"precision": 1.0, "recall": 0.9874519846350832, "f1-score": 0.993686380621054, "support": 3905}, "accuracy": 0.9874519846350832, "weighted avg": {"precision": 1.0, "recall": 0.9874519846350832, "f1-score": 0.993686380621054, "support": 3905}}