{"0.0": {"precision": 1.0, "recall": 0.9728553137003841, "f1-score": 0.9862409138110073, "support": 3905}, "accuracy": 0.9728553137003841, "weighted avg": {"precision": 1.0, "recall": 0.9728553137003841, "f1-score": 0.9862409138110073, "support": 3905}}