{"0.0": {"precision": 1.0, "recall": 0.998719590268886, "f1-score": 0.9993593850096092, "support": 3905}, "1.0": {"precision": 0.0, "recall": 0.0, "f1-score": 0.0, "support": 0}, "accuracy": 0.998719590268886, "macro avg": {"precision": 0.5, "recall": 0.499359795134443, "f1-score": 0.4996796925048046, "support": 3905}, "weighted avg": {"precision": 1.0, "recall": 0.998719590268886, "f1-score": 0.9993593850096092, "support": 3905}}