{"0": {"precision": 1.0, "recall": 0.9992315573770492, "f1-score": 0.9996156310057656, "support": 3904}, "1": {"precision": 0.25, "recall": 1.0, "f1-score": 0.4, "support": 1}, "accuracy": 0.9992317541613316, "macro avg": {"precision": 0.625, "recall": 0.9996157786885246, "f1-score": 0.6998078155028828, "support": 3905}, "weighted avg": {"precision": 0.9998079385403329, "recall": 0.9992317541613316, "f1-score": 0.9994620802679921, "support": 3905}}