{"0.0": {"precision": 1.0, "recall": 0.9582586427656851, "f1-score": 0.9786844514188572, "support": 3905}, "1.0": {"precision": 0.0, "recall": 0.0, "f1-score": 0.0, "support": 0}, "accuracy": 0.9582586427656851, "macro avg": {"precision": 0.5, "recall": 0.47912932138284253, "f1-score": 0.4893422257094286, "support": 3905}, "weighted avg": {"precision": 1.0, "recall": 0.9582586427656851, "f1-score": 0.9786844514188572, "support": 3905}}