{"0.0": {"precision": 1.0, "recall": 0.9869398207426376, "f1-score": 0.9934269880139193, "support": 3905}, "1.0": {"precision": 0.0, "recall": 0.0, "f1-score": 0.0, "support": 0}, "accuracy": 0.9869398207426376, "macro avg": {"precision": 0.5, "recall": 0.4934699103713188, "f1-score": 0.49671349400695963, "support": 3905}, "weighted avg": {"precision": 1.0, "recall": 0.9869398207426376, "f1-score": 0.9934269880139193, "support": 3905}}