{"0.0": {"precision": 1.0, "recall": 0.9941101152368758, "f1-score": 0.9970463593168101, "support": 3905}, "accuracy": 0.9941101152368758, "weighted avg": {"precision": 1.0, "recall": 0.9941101152368758, "f1-score": 0.9970463593168101, "support": 3905}}