{"0.0": {"precision": 1.0, "recall": 0.911651728553137, "f1-score": 0.9537843268586739, "support": 3905}, "1.0": {"precision": 0.0, "recall": 0.0, "f1-score": 0.0, "support": 0}, "accuracy": 0.911651728553137, "macro avg": {"precision": 0.5, "recall": 0.4558258642765685, "f1-score": 0.47689216342933693, "support": 3905}, "weighted avg": {"precision": 1.0, "recall": 0.911651728553137, "f1-score": 0.9537843268586739, "support": 3905}}