{"0": {"precision": 1.0, "recall": 0.9991861096039066, "f1-score": 0.9995928891301397, "support": 3686}, "1": {"precision": 0.9864864864864865, "recall": 1.0, "f1-score": 0.9931972789115647, "support": 219}, "accuracy": 0.9992317541613316, "macro avg": {"precision": 0.9932432432432432, "recall": 0.9995930548019534, "f1-score": 0.9963950840208522, "support": 3905}, "weighted avg": {"precision": 0.9992421358618542, "recall": 0.9992317541613316, "f1-score": 0.9992342108617995, "support": 3905}}