{"0.0": {"precision": 1.0, "recall": 0.9994878361075544, "f1-score": 0.9997438524590163, "support": 3905}, "1.0": {"precision": 0.0, "recall": 0.0, "f1-score": 0.0, "support": 0}, "accuracy": 0.9994878361075544, "macro avg": {"precision": 0.5, "recall": 0.4997439180537772, "f1-score": 0.49987192622950816, "support": 3905}, "weighted avg": {"precision": 1.0, "recall": 0.9994878361075544, "f1-score": 0.9997438524590163, "support": 3905}}