{"0.0": {"precision": 1.0, "recall": 0.998719590268886, "f1-score": 0.9993593850096092, "support": 3905}, "accuracy": 0.998719590268886, "weighted avg": {"precision": 1.0, "recall": 0.998719590268886, "f1-score": 0.9993593850096092, "support": 3905}}