{"0.0": {"precision": 1.0, "recall": 0.9777208706786171, "f1-score": 0.9887349475592386, "support": 3905}, "accuracy": 0.9777208706786171, "weighted avg": {"precision": 1.0, "recall": 0.9777208706786171, "f1-score": 0.9887349475592386, "support": 3905}}