{"0.0": {"precision": 1.0, "recall": 0.9941101152368758, "f1-score": 0.9970463593168101, "support": 3905}, "1.0": {"precision": 0.0, "recall": 0.0, "f1-score": 0.0, "support": 0}, "accuracy": 0.9941101152368758, "macro avg": {"precision": 0.5, "recall": 0.4970550576184379, "f1-score": 0.49852317965840504, "support": 3905}, "weighted avg": {"precision": 1.0, "recall": 0.9941101152368758, "f1-score": 0.9970463593168101, "support": 3905}}