{"0.0": {"precision": 1.0, "recall": 0.9728553137003841, "f1-score": 0.9862409138110073, "support": 3905}, "1.0": {"precision": 0.0, "recall": 0.0, "f1-score": 0.0, "support": 0}, "accuracy": 0.9728553137003841, "macro avg": {"precision": 0.5, "recall": 0.48642765685019207, "f1-score": 0.49312045690550366, "support": 3905}, "weighted avg": {"precision": 1.0, "recall": 0.9728553137003841, "f1-score": 0.9862409138110073, "support": 3905}}