{"0": {"precision": 1.0, "recall": 0.9963484611371936, "f1-score": 0.9981708910373661, "support": 3834}, "1": {"precision": 0.8352941176470589, "recall": 1.0, "f1-score": 0.9102564102564102, "support": 71}, "accuracy": 0.9964148527528809, "macro avg": {"precision": 0.9176470588235295, "recall": 0.9981742305685968, "f1-score": 0.9542136506468881, "support": 3905}, "weighted avg": {"precision": 0.997005347593583, "recall": 0.9964148527528809, "f1-score": 0.9965724459322578, "support": 3905}}