{"0.0": {"precision": 1.0, "recall": 0.9994878361075544, "f1-score": 0.9997438524590163, "support": 3905}, "accuracy": 0.9994878361075544, "weighted avg": {"precision": 1.0, "recall": 0.9994878361075544, "f1-score": 0.9997438524590163, "support": 3905}}