{"0.0": {"precision": 1.0, "recall": 0.9938319198149576, "f1-score": 0.996906419180201, "support": 3891}, "accuracy": 0.9938319198149576, "weighted avg": {"precision": 1.0, "recall": 0.9938319198149576, "f1-score": 0.996906419180201, "support": 3891}}