{"0.0": {"precision": 1.0, "recall": 0.9777208706786171, "f1-score": 0.9887349475592386, "support": 3905}, "1.0": {"precision": 0.0, "recall": 0.0, "f1-score": 0.0, "support": 0}, "accuracy": 0.9777208706786171, "macro avg": {"precision": 0.5, "recall": 0.48886043533930856, "f1-score": 0.4943674737796193, "support": 3905}, "weighted avg": {"precision": 1.0, "recall": 0.9777208706786171, "f1-score": 0.9887349475592386, "support": 3905}}