{"0.0": {"precision": 1.0, "recall": 0.9871565113500598, "f1-score": 0.9935367503381933, "support": 3348}, "1.0": {"precision": 0.0, "recall": 0.0, "f1-score": 0.0, "support": 0}, "accuracy": 0.9871565113500598, "macro avg": {"precision": 0.5, "recall": 0.4935782556750299, "f1-score": 0.49676837516909667, "support": 3348}, "weighted avg": {"precision": 1.0, "recall": 0.9871565113500598, "f1-score": 0.9935367503381933, "support": 3348}}