{"0.0": {"precision": 1.0, "recall": 0.9752090800477897, "f1-score": 0.9874489641615001, "support": 3348}, "1.0": {"precision": 0.0, "recall": 0.0, "f1-score": 0.0, "support": 0}, "accuracy": 0.9752090800477897, "macro avg": {"precision": 0.5, "recall": 0.48760454002389486, "f1-score": 0.49372448208075004, "support": 3348}, "weighted avg": {"precision": 1.0, "recall": 0.9752090800477897, "f1-score": 0.9874489641615001, "support": 3348}}