{"0.0": {"precision": 1.0, "recall": 0.9940047961630696, "f1-score": 0.9969933854479855, "support": 3336}, "accuracy": 0.9940047961630696, "weighted avg": {"precision": 1.0, "recall": 0.9940047961630696, "f1-score": 0.9969933854479855, "support": 3336}}