{"0.0": {"precision": 1.0, "recall": 0.9934289127837514, "f1-score": 0.9967036260113874, "support": 3348}, "1.0": {"precision": 0.0, "recall": 0.0, "f1-score": 0.0, "support": 0}, "accuracy": 0.9934289127837514, "macro avg": {"precision": 0.5, "recall": 0.4967144563918757, "f1-score": 0.4983518130056937, "support": 3348}, "weighted avg": {"precision": 1.0, "recall": 0.9934289127837514, "f1-score": 0.9967036260113874, "support": 3348}}