{"0.0": {"precision": 1.0, "recall": 0.9994026284348865, "f1-score": 0.9997012249775918, "support": 3348}, "1.0": {"precision": 0.0, "recall": 0.0, "f1-score": 0.0, "support": 0}, "accuracy": 0.9994026284348865, "macro avg": {"precision": 0.5, "recall": 0.49970131421744324, "f1-score": 0.4998506124887959, "support": 3348}, "weighted avg": {"precision": 1.0, "recall": 0.9994026284348865, "f1-score": 0.9997012249775918, "support": 3348}}