{"0": {"precision": 1.0, "recall": 0.9994024499551838, "f1-score": 0.9997011356843993, "support": 3347}, "1": {"precision": 0.3333333333333333, "recall": 1.0, "f1-score": 0.5, "support": 1}, "accuracy": 0.9994026284348865, "macro avg": {"precision": 0.6666666666666666, "recall": 0.9997012249775918, "f1-score": 0.7498505678421996, "support": 3348}, "weighted avg": {"precision": 0.9998008761449622, "recall": 0.9994026284348865, "f1-score": 0.999551882059643, "support": 3348}}