{"0": {"precision": 1.0, "recall": 0.9709928229665071, "f1-score": 0.9852829616143225, "support": 3344}, "1": {"precision": 0.039603960396039604, "recall": 1.0, "f1-score": 0.07619047619047618, "support": 4}, "accuracy": 0.9710274790919953, "macro avg": {"precision": 0.5198019801980198, "recall": 0.9854964114832536, "f1-score": 0.5307367189023994, "support": 3348}, "weighted avg": {"precision": 0.9988525734293859, "recall": 0.9710274790919953, "f1-score": 0.9841968296126213, "support": 3348}}