{"0.0": {"precision": 1.0, "recall": 0.9799880525686977, "f1-score": 0.989892894855936, "support": 3348}, "1.0": {"precision": 0.0, "recall": 0.0, "f1-score": 0.0, "support": 0}, "accuracy": 0.9799880525686977, "macro avg": {"precision": 0.5, "recall": 0.48999402628434885, "f1-score": 0.494946447427968, "support": 3348}, "weighted avg": {"precision": 1.0, "recall": 0.9799880525686977, "f1-score": 0.989892894855936, "support": 3348}}