{"0.0": {"precision": 1.0, "recall": 0.998805256869773, "f1-score": 0.9994022713687986, "support": 3348}, "1.0": {"precision": 0.0, "recall": 0.0, "f1-score": 0.0, "support": 0}, "accuracy": 0.998805256869773, "macro avg": {"precision": 0.5, "recall": 0.4994026284348865, "f1-score": 0.4997011356843993, "support": 3348}, "weighted avg": {"precision": 1.0, "recall": 0.998805256869773, "f1-score": 0.9994022713687986, "support": 3348}}