{"0.0": {"precision": 1.0, "recall": 0.9752090800477897, "f1-score": 0.9874489641615001, "support": 3348}, "accuracy": 0.9752090800477897, "weighted avg": {"precision": 1.0, "recall": 0.9752090800477897, "f1-score": 0.9874489641615001, "support": 3348}}