{"0.0": {"precision": 1.0, "recall": 0.9934289127837514, "f1-score": 0.9967036260113874, "support": 3348}, "accuracy": 0.9934289127837514, "weighted avg": {"precision": 1.0, "recall": 0.9934289127837514, "f1-score": 0.9967036260113874, "support": 3348}}