{"0.0": {"precision": 1.0, "recall": 0.9871565113500598, "f1-score": 0.9935367503381933, "support": 3348}, "accuracy": 0.9871565113500598, "weighted avg": {"precision": 1.0, "recall": 0.9871565113500598, "f1-score": 0.9935367503381933, "support": 3348}}