{"0.0": {"precision": 1.0, "recall": 0.9823775388291517, "f1-score": 0.9911104414645171, "support": 3348}, "1.0": {"precision": 0.0, "recall": 0.0, "f1-score": 0.0, "support": 0}, "accuracy": 0.9823775388291517, "macro avg": {"precision": 0.5, "recall": 0.49118876941457584, "f1-score": 0.49555522073225855, "support": 3348}, "weighted avg": {"precision": 1.0, "recall": 0.9823775388291517, "f1-score": 0.9911104414645171, "support": 3348}}