{"0.0": {"precision": 1.0, "recall": 0.9940047961630696, "f1-score": 0.9969933854479855, "support": 3336}, "1.0": {"precision": 0.0, "recall": 0.0, "f1-score": 0.0, "support": 0}, "accuracy": 0.9940047961630696, "macro avg": {"precision": 0.5, "recall": 0.4970023980815348, "f1-score": 0.4984966927239928, "support": 3336}, "weighted avg": {"precision": 1.0, "recall": 0.9940047961630696, "f1-score": 0.9969933854479855, "support": 3336}}