{"0": {"precision": 1.0, "recall": 0.9969577121995741, "f1-score": 0.9984765386959171, "support": 3287}, "1": {"precision": 0.8591549295774648, "recall": 1.0, "f1-score": 0.9242424242424242, "support": 61}, "accuracy": 0.9970131421744325, "macro avg": {"precision": 0.9295774647887324, "recall": 0.998478856099787, "f1-score": 0.9613594814691706, "support": 3348}, "weighted avg": {"precision": 0.9974338263752166, "recall": 0.9970131421744325, "f1-score": 0.9971240055472723, "support": 3348}}