{"0": {"precision": 1.0, "recall": 0.999052731291443, "f1-score": 0.9995261412099194, "support": 3167}, "1": {"precision": 0.9836956521739131, "recall": 1.0, "f1-score": 0.9917808219178083, "support": 181}, "accuracy": 0.9991039426523297, "macro avg": {"precision": 0.9918478260869565, "recall": 0.9995263656457215, "f1-score": 0.9956534815638638, "support": 3348}, "weighted avg": {"precision": 0.9991185522829984, "recall": 0.9991039426523297, "f1-score": 0.9991074127774605, "support": 3348}}