{"0.0": {"precision": 1.0, "recall": 0.9799880525686977, "f1-score": 0.989892894855936, "support": 3348}, "accuracy": 0.9799880525686977, "weighted avg": {"precision": 1.0, "recall": 0.9799880525686977, "f1-score": 0.989892894855936, "support": 3348}}