{"0.0": {"precision": 1.0, "recall": 0.9823775388291517, "f1-score": 0.9911104414645171, "support": 3348}, "accuracy": 0.9823775388291517, "weighted avg": {"precision": 1.0, "recall": 0.9823775388291517, "f1-score": 0.9911104414645171, "support": 3348}}