{"0.0": {"precision": 1.0, "recall": 0.9572879330943848, "f1-score": 0.978177933770792, "support": 3348}, "accuracy": 0.9572879330943848, "weighted avg": {"precision": 1.0, "recall": 0.9572879330943848, "f1-score": 0.978177933770792, "support": 3348}}