{"0.0": {"precision": 1.0, "recall": 0.998805256869773, "f1-score": 0.9994022713687986, "support": 3348}, "accuracy": 0.998805256869773, "weighted avg": {"precision": 1.0, "recall": 0.998805256869773, "f1-score": 0.9994022713687986, "support": 3348}}