{"0.0": {"precision": 1.0, "recall": 0.9572879330943848, "f1-score": 0.978177933770792, "support": 3348}, "1.0": {"precision": 0.0, "recall": 0.0, "f1-score": 0.0, "support": 0}, "accuracy": 0.9572879330943848, "macro avg": {"precision": 0.5, "recall": 0.4786439665471924, "f1-score": 0.489088966885396, "support": 3348}, "weighted avg": {"precision": 1.0, "recall": 0.9572879330943848, "f1-score": 0.978177933770792, "support": 3348}}