{"0.0": {"precision": 1.0, "recall": 0.9994026284348865, "f1-score": 0.9997012249775918, "support": 3348}, "accuracy": 0.9994026284348865, "weighted avg": {"precision": 1.0, "recall": 0.9994026284348865, "f1-score": 0.9997012249775918, "support": 3348}}