{"0.0": {"precision": 0.9317269076305221, "recall": 1.0, "f1-score": 0.9646569646569647, "support": 232}, "1.0": {"precision": 1.0, "recall": 0.9865293185419969, "f1-score": 0.9932189868368568, "support": 1262}, "accuracy": 0.9886211512717537, "macro avg": {"precision": 0.9658634538152611, "recall": 0.9932646592709984, "f1-score": 0.9789379757469108, "support": 1494}, "weighted avg": {"precision": 0.9893980204620356, "recall": 0.9886211512717537, "f1-score": 0.9887836527366326, "support": 1494}}