{"0.0": {"precision": 0.8392857142857143, "recall": 1.0, "f1-score": 0.9126213592233009, "support": 564}, "1.0": {"precision": 1.0, "recall": 0.9809523809523809, "f1-score": 0.9903846153846153, "support": 5670}, "accuracy": 0.9826756496631376, "macro avg": {"precision": 0.9196428571428572, "recall": 0.9904761904761905, "f1-score": 0.9515029873039581, "support": 6234}, "weighted avg": {"precision": 0.9854599202529906, "recall": 0.9826756496631376, "f1-score": 0.9833492486096744, "support": 6234}}