{"0.0": {"precision": 1.0, "recall": 0.9938870909744696, "f1-score": 0.9969341749323715, "support": 2781}, "1.0": {"precision": 0.0, "recall": 0.0, "f1-score": 0.0, "support": 0}, "accuracy": 0.9938870909744696, "macro avg": {"precision": 0.5, "recall": 0.4969435454872348, "f1-score": 0.49846708746618573, "support": 2781}, "weighted avg": {"precision": 1.0, "recall": 0.9938870909744696, "f1-score": 0.9969341749323715, "support": 2781}}