{"0.0": {"precision": 1.0, "recall": 0.9566463633106413, "f1-score": 0.97784288591833, "support": 2791}, "accuracy": 0.9566463633106413, "weighted avg": {"precision": 1.0, "recall": 0.9566463633106413, "f1-score": 0.97784288591833, "support": 2791}}