{"0": {"precision": 1.0, "recall": 0.9963556851311953, "f1-score": 0.9981745162468054, "support": 2744}, "1": {"precision": 0.8245614035087719, "recall": 1.0, "f1-score": 0.9038461538461539, "support": 47}, "accuracy": 0.9964170548190613, "macro avg": {"precision": 0.9122807017543859, "recall": 0.9981778425655976, "f1-score": 0.9510103350464796, "support": 2791}, "weighted avg": {"precision": 0.9970456416929101, "recall": 0.9964170548190613, "f1-score": 0.9965860414948059, "support": 2791}}