{"0.0": {"precision": 1.0, "recall": 0.9785023289143676, "f1-score": 0.9891343716044911, "support": 2791}, "1.0": {"precision": 0.0, "recall": 0.0, "f1-score": 0.0, "support": 0}, "accuracy": 0.9785023289143676, "macro avg": {"precision": 0.5, "recall": 0.4892511644571838, "f1-score": 0.49456718580224557, "support": 2791}, "weighted avg": {"precision": 1.0, "recall": 0.9785023289143676, "f1-score": 0.9891343716044911, "support": 2791}}