{"0.0": {"precision": 1.0, "recall": 0.9931924041562165, "f1-score": 0.9965845766672659, "support": 2791}, "1.0": {"precision": 0.0, "recall": 0.0, "f1-score": 0.0, "support": 0}, "accuracy": 0.9931924041562165, "macro avg": {"precision": 0.5, "recall": 0.49659620207810823, "f1-score": 0.4982922883336329, "support": 2791}, "weighted avg": {"precision": 1.0, "recall": 0.9931924041562165, "f1-score": 0.9965845766672659, "support": 2791}}