{"0.0": {"precision": 1.0, "recall": 0.9996417054819061, "f1-score": 0.999820820641462, "support": 2791}, "1.0": {"precision": 0.0, "recall": 0.0, "f1-score": 0.0, "support": 0}, "accuracy": 0.9996417054819061, "macro avg": {"precision": 0.5, "recall": 0.49982085274095306, "f1-score": 0.499910410320731, "support": 2791}, "weighted avg": {"precision": 1.0, "recall": 0.9996417054819061, "f1-score": 0.9998208206414619, "support": 2791}}