{"0.0": {"precision": 1.0, "recall": 0.9931924041562165, "f1-score": 0.9965845766672659, "support": 2791}, "accuracy": 0.9931924041562165, "weighted avg": {"precision": 1.0, "recall": 0.9931924041562165, "f1-score": 0.9965845766672659, "support": 2791}}