{"0.0": {"precision": 1.0, "recall": 0.9996417054819061, "f1-score": 0.999820820641462, "support": 2791}, "accuracy": 0.9996417054819061, "weighted avg": {"precision": 1.0, "recall": 0.9996417054819061, "f1-score": 0.9998208206414619, "support": 2791}}