{"0": {"precision": 1.0, "recall": 0.9996415770609319, "f1-score": 0.9998207564079584, "support": 2790}, "1": {"precision": 0.5, "recall": 1.0, "f1-score": 0.6666666666666666, "support": 1}, "accuracy": 0.9996417054819061, "macro avg": {"precision": 0.75, "recall": 0.999820788530466, "f1-score": 0.8332437115373126, "support": 2791}, "weighted avg": {"precision": 0.9998208527409531, "recall": 0.9996417054819061, "f1-score": 0.9997013891239235, "support": 2791}}