{"0.0": {"precision": 1.0, "recall": 0.9813686850591186, "f1-score": 0.9905967450271248, "support": 2791}, "accuracy": 0.9813686850591186, "weighted avg": {"precision": 1.0, "recall": 0.9813686850591186, "f1-score": 0.9905967450271248, "support": 2791}}