{"0.0": {"precision": 1.0, "recall": 0.9985668219276245, "f1-score": 0.9992828970957333, "support": 2791}, "1.0": {"precision": 0.0, "recall": 0.0, "f1-score": 0.0, "support": 0}, "accuracy": 0.9985668219276245, "macro avg": {"precision": 0.5, "recall": 0.49928341096381224, "f1-score": 0.49964144854786663, "support": 2791}, "weighted avg": {"precision": 1.0, "recall": 0.9985668219276245, "f1-score": 0.9992828970957333, "support": 2791}}