{"0.0": {"precision": 1.0, "recall": 0.9566463633106413, "f1-score": 0.97784288591833, "support": 2791}, "1.0": {"precision": 0.0, "recall": 0.0, "f1-score": 0.0, "support": 0}, "accuracy": 0.9566463633106413, "macro avg": {"precision": 0.5, "recall": 0.4783231816553207, "f1-score": 0.488921442959165, "support": 2791}, "weighted avg": {"precision": 1.0, "recall": 0.9566463633106413, "f1-score": 0.97784288591833, "support": 2791}}