{"0.0": {"precision": 1.0, "recall": 0.9985668219276245, "f1-score": 0.9992828970957333, "support": 2791}, "accuracy": 0.9985668219276245, "weighted avg": {"precision": 1.0, "recall": 0.9985668219276245, "f1-score": 0.9992828970957333, "support": 2791}}