{"0.0": {"precision": 1.0, "recall": 0.9938870909744696, "f1-score": 0.9969341749323715, "support": 2781}, "accuracy": 0.9938870909744696, "weighted avg": {"precision": 1.0, "recall": 0.9938870909744696, "f1-score": 0.9969341749323715, "support": 2781}}