{"0.0": {"precision": 1.0, "recall": 0.9785023289143676, "f1-score": 0.9891343716044911, "support": 2791}, "accuracy": 0.9785023289143676, "weighted avg": {"precision": 1.0, "recall": 0.9785023289143676, "f1-score": 0.9891343716044911, "support": 2791}}