{"0": {"precision": 1.0, "recall": 0.971654108360244, "f1-score": 0.9856232939035487, "support": 2787}, "1": {"precision": 0.04819277108433735, "recall": 1.0, "f1-score": 0.09195402298850576, "support": 4}, "accuracy": 0.9716947330705841, "macro avg": {"precision": 0.5240963855421686, "recall": 0.985827054180122, "f1-score": 0.5387886584460273, "support": 2791}, "weighted avg": {"precision": 0.9986358907503896, "recall": 0.9716947330705841, "f1-score": 0.9843425067005175, "support": 2791}}