{"0.0": {"precision": 1.0, "recall": 0.9863848083124328, "f1-score": 0.9931457431457432, "support": 2791}, "1.0": {"precision": 0.0, "recall": 0.0, "f1-score": 0.0, "support": 0}, "accuracy": 0.9863848083124328, "macro avg": {"precision": 0.5, "recall": 0.4931924041562164, "f1-score": 0.4965728715728716, "support": 2791}, "weighted avg": {"precision": 1.0, "recall": 0.9863848083124328, "f1-score": 0.9931457431457432, "support": 2791}}