{"0.0": {"precision": 1.0, "recall": 0.9863848083124328, "f1-score": 0.9931457431457432, "support": 2791}, "accuracy": 0.9863848083124328, "weighted avg": {"precision": 1.0, "recall": 0.9863848083124328, "f1-score": 0.9931457431457432, "support": 2791}}