{"0": {"precision": 1.0, "recall": 0.9996209249431387, "f1-score": 0.9998104265402843, "support": 2638}, "1": {"precision": 0.9935064935064936, "recall": 1.0, "f1-score": 0.9967426710097721, "support": 153}, "accuracy": 0.9996417054819061, "macro avg": {"precision": 0.9967532467532467, "recall": 0.9998104624715694, "f1-score": 0.9982765487750282, "support": 2791}, "weighted avg": {"precision": 0.9996440320696859, "recall": 0.9996417054819061, "f1-score": 0.9996422550619006, "support": 2791}}