{"0.0": {"precision": 1.0, "recall": 0.9813686850591186, "f1-score": 0.9905967450271248, "support": 2791}, "1.0": {"precision": 0.0, "recall": 0.0, "f1-score": 0.0, "support": 0}, "accuracy": 0.9813686850591186, "macro avg": {"precision": 0.5, "recall": 0.4906843425295593, "f1-score": 0.4952983725135624, "support": 2791}, "weighted avg": {"precision": 1.0, "recall": 0.9813686850591186, "f1-score": 0.9905967450271248, "support": 2791}}