{"0.0": {"precision": 0.8923512747875354, "recall": 1.0, "f1-score": 0.9431137724550898, "support": 315}, "1.0": {"precision": 1.0, "recall": 0.977340488968396, "f1-score": 0.9885404101326901, "support": 1677}, "accuracy": 0.9809236947791165, "macro avg": {"precision": 0.9461756373937678, "recall": 0.9886702444841979, "f1-score": 0.96582709129389, "support": 1992}, "weighted avg": {"precision": 0.9829772347179084, "recall": 0.9809236947791165, "f1-score": 0.9813569809818646, "support": 1992}}