{"0.0": {"precision": 0.8443983402489627, "recall": 1.0, "f1-score": 0.9156355455568054, "support": 814}, "1.0": {"precision": 1.0, "recall": 0.981456298677216, "f1-score": 0.9906413775892189, "support": 8089}, "accuracy": 0.9831517466022689, "macro avg": {"precision": 0.9221991701244814, "recall": 0.990728149338608, "f1-score": 0.9531384615730121, "support": 8903}, "weighted avg": {"precision": 0.9857733627948618, "recall": 0.9831517466022689, "f1-score": 0.9837836052344638, "support": 8903}}