{"0.0": {"precision": 0.9015471167369902, "recall": 1.0, "f1-score": 0.9482248520710059, "support": 641}, "1.0": {"precision": 1.0, "recall": 0.979060723900688, "f1-score": 0.9894195888754534, "support": 3343}, "accuracy": 0.982429718875502, "macro avg": {"precision": 0.9507735583684951, "recall": 0.9895303619503439, "f1-score": 0.9688222204732297, "support": 3984}, "weighted avg": {"precision": 0.9841595637119505, "recall": 0.982429718875502, "f1-score": 0.9827916204287539, "support": 3984}}