{"0.0": {"precision": 1.0, "recall": 0.9844961240310077, "f1-score": 0.9921875, "support": 1677}, "accuracy": 0.9844961240310077, "weighted avg": {"precision": 1.0, "recall": 0.9844961240310077, "f1-score": 0.9921875, "support": 1677}}