{"0.0": {"precision": 1.0, "recall": 0.9994036970781157, "f1-score": 0.9997017596182524, "support": 1677}, "accuracy": 0.9994036970781157, "weighted avg": {"precision": 1.0, "recall": 0.9994036970781157, "f1-score": 0.9997017596182524, "support": 1677}}