{"0.0": {"precision": 1.0, "recall": 0.9570661896243292, "f1-score": 0.9780621572212066, "support": 1677}, "accuracy": 0.9570661896243292, "weighted avg": {"precision": 1.0, "recall": 0.9570661896243292, "f1-score": 0.9780621572212066, "support": 1677}}