{"0.0": {"precision": 1.0, "recall": 0.9994036970781157, "f1-score": 0.9997017596182524, "support": 1677}, "1.0": {"precision": 0.0, "recall": 0.0, "f1-score": 0.0, "support": 0}, "accuracy": 0.9994036970781157, "macro avg": {"precision": 0.5, "recall": 0.49970184853905786, "f1-score": 0.4998508798091262, "support": 1677}, "weighted avg": {"precision": 1.0, "recall": 0.9994036970781157, "f1-score": 0.9997017596182524, "support": 1677}}