{"0.0": {"precision": 1.0, "recall": 0.9964221824686941, "f1-score": 0.9982078853046595, "support": 1677}, "accuracy": 0.9964221824686941, "weighted avg": {"precision": 1.0, "recall": 0.9964221824686941, "f1-score": 0.9982078853046595, "support": 1677}}