{"0.0": {"precision": 1.0, "recall": 0.9570661896243292, "f1-score": 0.9780621572212066, "support": 1677}, "1.0": {"precision": 0.0, "recall": 0.0, "f1-score": 0.0, "support": 0}, "accuracy": 0.9570661896243292, "macro avg": {"precision": 0.5, "recall": 0.4785330948121646, "f1-score": 0.4890310786106033, "support": 1677}, "weighted avg": {"precision": 1.0, "recall": 0.9570661896243292, "f1-score": 0.9780621572212066, "support": 1677}}