{"0.0": {"precision": 1.0, "recall": 0.9767441860465116, "f1-score": 0.988235294117647, "support": 1677}, "1.0": {"precision": 0.0, "recall": 0.0, "f1-score": 0.0, "support": 0}, "accuracy": 0.9767441860465116, "macro avg": {"precision": 0.5, "recall": 0.4883720930232558, "f1-score": 0.4941176470588235, "support": 1677}, "weighted avg": {"precision": 1.0, "recall": 0.9767441860465116, "f1-score": 0.9882352941176471, "support": 1677}}