{"0.0": {"precision": 1.0, "recall": 0.9946140035906643, "f1-score": 0.9972997299729973, "support": 1671}, "accuracy": 0.9946140035906643, "weighted avg": {"precision": 1.0, "recall": 0.9946140035906643, "f1-score": 0.9972997299729973, "support": 1671}}