{"0.0": {"precision": 1.0, "recall": 0.9922480620155039, "f1-score": 0.9961089494163424, "support": 1677}, "1.0": {"precision": 0.0, "recall": 0.0, "f1-score": 0.0, "support": 0}, "accuracy": 0.9922480620155039, "macro avg": {"precision": 0.5, "recall": 0.49612403100775193, "f1-score": 0.4980544747081712, "support": 1677}, "weighted avg": {"precision": 1.0, "recall": 0.9922480620155039, "f1-score": 0.9961089494163424, "support": 1677}}