{"0.0": {"precision": 1.0, "recall": 0.9922480620155039, "f1-score": 0.9961089494163424, "support": 1677}, "accuracy": 0.9922480620155039, "weighted avg": {"precision": 1.0, "recall": 0.9922480620155039, "f1-score": 0.9961089494163424, "support": 1677}}