{"0": {"precision": 1.0, "recall": 0.9731503579952268, "f1-score": 0.9863925007559722, "support": 1676}, "1": {"precision": 0.021739130434782608, "recall": 1.0, "f1-score": 0.042553191489361694, "support": 1}, "accuracy": 0.9731663685152058, "macro avg": {"precision": 0.5108695652173914, "recall": 0.9865751789976134, "f1-score": 0.514472846122667, "support": 1677}, "weighted avg": {"precision": 0.9994166601851131, "recall": 0.9731663685152058, "f1-score": 0.9858296866180671, "support": 1677}}