{"0.0": {"precision": 1.0, "recall": 0.9767441860465116, "f1-score": 0.988235294117647, "support": 1677}, "accuracy": 0.9767441860465116, "weighted avg": {"precision": 1.0, "recall": 0.9767441860465116, "f1-score": 0.9882352941176471, "support": 1677}}