{"0.0": {"precision": 1.0, "recall": 0.9844961240310077, "f1-score": 0.9921875, "support": 1677}, "1.0": {"precision": 0.0, "recall": 0.0, "f1-score": 0.0, "support": 0}, "accuracy": 0.9844961240310077, "macro avg": {"precision": 0.5, "recall": 0.49224806201550386, "f1-score": 0.49609375, "support": 1677}, "weighted avg": {"precision": 1.0, "recall": 0.9844961240310077, "f1-score": 0.9921875, "support": 1677}}