{"0": {"precision": 1.0, "recall": 0.9994033412887828, "f1-score": 0.9997015816174276, "support": 1676}, "1": {"precision": 0.5, "recall": 1.0, "f1-score": 0.6666666666666666, "support": 1}, "accuracy": 0.9994036970781157, "macro avg": {"precision": 0.75, "recall": 0.9997016706443914, "f1-score": 0.8331841241420471, "support": 1677}, "weighted avg": {"precision": 0.9997018485390579, "recall": 0.9994036970781157, "f1-score": 0.999502991924553, "support": 1677}}