{"0": {"precision": 1.0, "recall": 0.9975772259236826, "f1-score": 0.9987871437234688, "support": 1651}, "1": {"precision": 0.8666666666666667, "recall": 1.0, "f1-score": 0.9285714285714286, "support": 26}, "accuracy": 0.9976147883124628, "macro avg": {"precision": 0.9333333333333333, "recall": 0.9987886129618413, "f1-score": 0.9636792861474487, "support": 1677}, "weighted avg": {"precision": 0.9979328165374677, "recall": 0.9976147883124628, "f1-score": 0.9976985279846774, "support": 1677}}