{"0.0": {"precision": 1.0, "recall": 0.9946140035906643, "f1-score": 0.9972997299729973, "support": 1671}, "1.0": {"precision": 0.0, "recall": 0.0, "f1-score": 0.0, "support": 0}, "accuracy": 0.9946140035906643, "macro avg": {"precision": 0.5, "recall": 0.49730700179533216, "f1-score": 0.49864986498649866, "support": 1671}, "weighted avg": {"precision": 1.0, "recall": 0.9946140035906643, "f1-score": 0.9972997299729973, "support": 1671}}