{"0.0": {"precision": 1.0, "recall": 0.9964221824686941, "f1-score": 0.9982078853046595, "support": 1677}, "1.0": {"precision": 0.0, "recall": 0.0, "f1-score": 0.0, "support": 0}, "accuracy": 0.9964221824686941, "macro avg": {"precision": 0.5, "recall": 0.49821109123434704, "f1-score": 0.49910394265232977, "support": 1677}, "weighted avg": {"precision": 1.0, "recall": 0.9964221824686941, "f1-score": 0.9982078853046595, "support": 1677}}