{"0": {"precision": 1.0, "recall": 0.9993654822335025, "f1-score": 0.999682640431609, "support": 1576}, "1": {"precision": 0.9901960784313726, "recall": 1.0, "f1-score": 0.9950738916256158, "support": 101}, "accuracy": 0.9994036970781157, "macro avg": {"precision": 0.9950980392156863, "recall": 0.9996827411167513, "f1-score": 0.9973782660286123, "support": 1677}, "weighted avg": {"precision": 0.9994095431851929, "recall": 0.9994036970781157, "f1-score": 0.9994050711833053, "support": 1677}}