{"0.0": {"precision": 1.0, "recall": 0.9995517705064993, "f1-score": 0.9997758350145707, "support": 4462}, "accuracy": 0.9995517705064993, "weighted avg": {"precision": 1.0, "recall": 0.9995517705064993, "f1-score": 0.9997758350145707, "support": 4462}}