{"0.0": {"precision": 1.0, "recall": 0.9941730165844913, "f1-score": 0.9970779950550686, "support": 4462}, "1.0": {"precision": 0.0, "recall": 0.0, "f1-score": 0.0, "support": 0}, "accuracy": 0.9941730165844913, "macro avg": {"precision": 0.5, "recall": 0.49708650829224565, "f1-score": 0.4985389975275343, "support": 4462}, "weighted avg": {"precision": 1.0, "recall": 0.9941730165844913, "f1-score": 0.9970779950550686, "support": 4462}}