{"0.0": {"precision": 1.0, "recall": 0.9399372478709099, "f1-score": 0.9690388170055453, "support": 4462}, "1.0": {"precision": 0.0, "recall": 0.0, "f1-score": 0.0, "support": 0}, "accuracy": 0.9399372478709099, "macro avg": {"precision": 0.5, "recall": 0.46996862393545497, "f1-score": 0.48451940850277264, "support": 4462}, "weighted avg": {"precision": 1.0, "recall": 0.9399372478709099, "f1-score": 0.9690388170055453, "support": 4462}}