{"0": {"precision": 1.0, "recall": 0.9965792474344356, "f1-score": 0.9982866933181039, "support": 4385}, "1": {"precision": 0.8369565217391305, "recall": 1.0, "f1-score": 0.911242603550296, "support": 77}, "accuracy": 0.996638278798745, "macro avg": {"precision": 0.9184782608695652, "recall": 0.9982896237172179, "f1-score": 0.9547646484342, "support": 4462}, "weighted avg": {"precision": 0.9971863855163409, "recall": 0.996638278798745, "f1-score": 0.9967845877797532, "support": 4462}}