{"0.0": {"precision": 1.0, "recall": 0.9787090990587181, "f1-score": 0.9892400045305244, "support": 4462}, "1.0": {"precision": 0.0, "recall": 0.0, "f1-score": 0.0, "support": 0}, "accuracy": 0.9787090990587181, "macro avg": {"precision": 0.5, "recall": 0.48935454952935903, "f1-score": 0.4946200022652622, "support": 4462}, "weighted avg": {"precision": 1.0, "recall": 0.9787090990587181, "f1-score": 0.9892400045305243, "support": 4462}}