{"0": {"precision": 1.0, "recall": 0.9710502692998204, "f1-score": 0.9853125355800979, "support": 4456}, "1": {"precision": 0.044444444444444446, "recall": 1.0, "f1-score": 0.0851063829787234, "support": 6}, "accuracy": 0.9710891976692066, "macro avg": {"precision": 0.5222222222222223, "recall": 0.9855251346499102, "f1-score": 0.5352094592794107, "support": 4462}, "weighted avg": {"precision": 0.9987150754519647, "recall": 0.9710891976692066, "f1-score": 0.9841020387366177, "support": 4462}}