{"0.0": {"precision": 1.0, "recall": 0.9995517705064993, "f1-score": 0.9997758350145707, "support": 4462}, "1.0": {"precision": 0.0, "recall": 0.0, "f1-score": 0.0, "support": 0}, "accuracy": 0.9995517705064993, "macro avg": {"precision": 0.5, "recall": 0.4997758852532497, "f1-score": 0.49988791750728534, "support": 4462}, "weighted avg": {"precision": 1.0, "recall": 0.9995517705064993, "f1-score": 0.9997758350145707, "support": 4462}}