{"0.0": {"precision": 1.0, "recall": 0.9941730165844913, "f1-score": 0.9970779950550686, "support": 4462}, "accuracy": 0.9941730165844913, "weighted avg": {"precision": 1.0, "recall": 0.9941730165844913, "f1-score": 0.9970779950550686, "support": 4462}}