{"0.0": {"precision": 1.0, "recall": 0.9881219184222322, "f1-score": 0.9940254762709955, "support": 4462}, "1.0": {"precision": 0.0, "recall": 0.0, "f1-score": 0.0, "support": 0}, "accuracy": 0.9881219184222322, "macro avg": {"precision": 0.5, "recall": 0.4940609592111161, "f1-score": 0.49701273813549773, "support": 4462}, "weighted avg": {"precision": 1.0, "recall": 0.9881219184222322, "f1-score": 0.9940254762709955, "support": 4462}}