{"0.0": {"precision": 1.0, "recall": 0.9870013446884806, "f1-score": 0.9934581547484773, "support": 4462}, "1.0": {"precision": 0.0, "recall": 0.0, "f1-score": 0.0, "support": 0}, "accuracy": 0.9870013446884806, "macro avg": {"precision": 0.5, "recall": 0.4935006723442403, "f1-score": 0.49672907737423866, "support": 4462}, "weighted avg": {"precision": 1.0, "recall": 0.9870013446884806, "f1-score": 0.9934581547484772, "support": 4462}}