{"0.0": {"precision": 1.0, "recall": 0.9988794262662484, "f1-score": 0.9994393990357664, "support": 4462}, "1.0": {"precision": 0.0, "recall": 0.0, "f1-score": 0.0, "support": 0}, "accuracy": 0.9988794262662484, "macro avg": {"precision": 0.5, "recall": 0.4994397131331242, "f1-score": 0.4997196995178832, "support": 4462}, "weighted avg": {"precision": 1.0, "recall": 0.9988794262662484, "f1-score": 0.9994393990357663, "support": 4462}}