{"0.0": {"precision": 1.0, "recall": 0.9881219184222322, "f1-score": 0.9940254762709955, "support": 4462}, "accuracy": 0.9881219184222322, "weighted avg": {"precision": 1.0, "recall": 0.9881219184222322, "f1-score": 0.9940254762709955, "support": 4462}}