{"0.0": {"precision": 1.0, "recall": 0.9578664276109368, "f1-score": 0.9784798534798534, "support": 4462}, "1.0": {"precision": 0.0, "recall": 0.0, "f1-score": 0.0, "support": 0}, "accuracy": 0.9578664276109368, "macro avg": {"precision": 0.5, "recall": 0.4789332138054684, "f1-score": 0.4892399267399267, "support": 4462}, "weighted avg": {"precision": 1.0, "recall": 0.9578664276109368, "f1-score": 0.9784798534798533, "support": 4462}}