{"0.0": {"precision": 1.0, "recall": 0.9787090990587181, "f1-score": 0.9892400045305244, "support": 4462}, "accuracy": 0.9787090990587181, "weighted avg": {"precision": 1.0, "recall": 0.9787090990587181, "f1-score": 0.9892400045305243, "support": 4462}}