{"0.0": {"precision": 1.0, "recall": 0.9943769680611786, "f1-score": 0.9971805571219127, "support": 4446}, "accuracy": 0.9943769680611786, "weighted avg": {"precision": 1.0, "recall": 0.9943769680611786, "f1-score": 0.9971805571219127, "support": 4446}}