{"0.0": {"precision": 1.0, "recall": 0.9988794262662484, "f1-score": 0.9994393990357664, "support": 4462}, "accuracy": 0.9988794262662484, "weighted avg": {"precision": 1.0, "recall": 0.9988794262662484, "f1-score": 0.9994393990357663, "support": 4462}}