{"0.0": {"precision": 1.0, "recall": 0.8852532496638279, "f1-score": 0.9391345696623871, "support": 4462}, "1.0": {"precision": 0.0, "recall": 0.0, "f1-score": 0.0, "support": 0}, "accuracy": 0.8852532496638279, "macro avg": {"precision": 0.5, "recall": 0.44262662483191395, "f1-score": 0.46956728483119353, "support": 4462}, "weighted avg": {"precision": 1.0, "recall": 0.8852532496638279, "f1-score": 0.939134569662387, "support": 4462}}