{"0.0": {"precision": 1.0, "recall": 0.9399372478709099, "f1-score": 0.9690388170055453, "support": 4462}, "accuracy": 0.9399372478709099, "weighted avg": {"precision": 1.0, "recall": 0.9399372478709099, "f1-score": 0.9690388170055453, "support": 4462}}