{"0.0": {"precision": 1.0, "recall": 0.9578664276109368, "f1-score": 0.9784798534798534, "support": 4462}, "accuracy": 0.9578664276109368, "weighted avg": {"precision": 1.0, "recall": 0.9578664276109368, "f1-score": 0.9784798534798533, "support": 4462}}