{"0.0": {"precision": 1.0, "recall": 0.9943769680611786, "f1-score": 0.9971805571219127, "support": 4446}, "1.0": {"precision": 0.0, "recall": 0.0, "f1-score": 0.0, "support": 0}, "accuracy": 0.9943769680611786, "macro avg": {"precision": 0.5, "recall": 0.4971884840305893, "f1-score": 0.49859027856095633, "support": 4446}, "weighted avg": {"precision": 1.0, "recall": 0.9943769680611786, "f1-score": 0.9971805571219127, "support": 4446}}