{"0": {"precision": 1.0, "recall": 0.9991033400582829, "f1-score": 0.9995514689392241, "support": 4461}, "1": {"precision": 0.2, "recall": 1.0, "f1-score": 0.33333333333333337, "support": 1}, "accuracy": 0.9991035410129987, "macro avg": {"precision": 0.6, "recall": 0.9995516700291415, "f1-score": 0.6664424011362787, "support": 4462}, "weighted avg": {"precision": 0.9998207082025997, "recall": 0.9991035410129987, "f1-score": 0.9994021596304823, "support": 4462}}