{"0": {"precision": 1.0, "recall": 0.9992874109263657, "f1-score": 0.9996435784721398, "support": 4210}, "1": {"precision": 0.9882352941176471, "recall": 1.0, "f1-score": 0.9940828402366864, "support": 252}, "accuracy": 0.999327655759749, "macro avg": {"precision": 0.9941176470588236, "recall": 0.9996437054631828, "f1-score": 0.9968632093544131, "support": 4462}, "weighted avg": {"precision": 0.9993355656919872, "recall": 0.999327655759749, "f1-score": 0.9993295251249112, "support": 4462}}