{"0.0": {"precision": 1.0, "recall": 0.8852532496638279, "f1-score": 0.9391345696623871, "support": 4462}, "accuracy": 0.8852532496638279, "weighted avg": {"precision": 1.0, "recall": 0.8852532496638279, "f1-score": 0.939134569662387, "support": 4462}}