{"0.0": {"precision": 0.8666666666666667, "recall": 1.0, "f1-score": 0.9285714285714286, "support": 312}, "1.0": {"precision": 1.0, "recall": 0.9690920798454604, "f1-score": 0.9843034663178549, "support": 1553}, "accuracy": 0.9742627345844505, "macro avg": {"precision": 0.9333333333333333, "recall": 0.9845460399227302, "f1-score": 0.9564374474446418, "support": 1865}, "weighted avg": {"precision": 0.9776943699731904, "recall": 0.9742627345844505, "f1-score": 0.9749799297082651, "support": 1865}}