{"0.0": {"precision": 0.9305555555555556, "recall": 1.0, "f1-score": 0.9640287769784173, "support": 402}, "1.0": {"precision": 1.0, "recall": 0.985632183908046, "f1-score": 0.9927641099855282, "support": 2088}, "accuracy": 0.9879518072289156, "macro avg": {"precision": 0.9652777777777778, "recall": 0.992816091954023, "f1-score": 0.9783964434819727, "support": 2490}, "weighted avg": {"precision": 0.9887884872824633, "recall": 0.9879518072289156, "f1-score": 0.9881249116446211, "support": 2490}}