{"0.0": {"precision": 1.0, "recall": 0.9680284191829485, "f1-score": 0.983754512635379, "support": 563}, "accuracy": 0.9680284191829485, "weighted avg": {"precision": 1.0, "recall": 0.9680284191829485, "f1-score": 0.983754512635379, "support": 563}}