{"0.0": {"precision": 1.0, "recall": 0.9964476021314387, "f1-score": 0.998220640569395, "support": 563}, "1.0": {"precision": 0.0, "recall": 0.0, "f1-score": 0.0, "support": 0}, "accuracy": 0.9964476021314387, "macro avg": {"precision": 0.5, "recall": 0.49822380106571934, "f1-score": 0.4991103202846975, "support": 563}, "weighted avg": {"precision": 1.0, "recall": 0.9964476021314387, "f1-score": 0.998220640569395, "support": 563}}