{"0.0": {"precision": 1.0, "recall": 0.9946714031971581, "f1-score": 0.9973285841495992, "support": 563}, "1.0": {"precision": 0.0, "recall": 0.0, "f1-score": 0.0, "support": 0}, "accuracy": 0.9946714031971581, "macro avg": {"precision": 0.5, "recall": 0.49733570159857904, "f1-score": 0.4986642920747996, "support": 563}, "weighted avg": {"precision": 1.0, "recall": 0.9946714031971581, "f1-score": 0.9973285841495992, "support": 563}}