{"0.0": {"precision": 1.0, "recall": 0.9786856127886323, "f1-score": 0.9892280071813285, "support": 563}, "accuracy": 0.9786856127886323, "weighted avg": {"precision": 1.0, "recall": 0.9786856127886323, "f1-score": 0.9892280071813284, "support": 563}}