{"0.0": {"precision": 1.0, "recall": 0.9928698752228164, "f1-score": 0.9964221824686941, "support": 561}, "accuracy": 0.9928698752228164, "weighted avg": {"precision": 1.0, "recall": 0.9928698752228164, "f1-score": 0.9964221824686941, "support": 561}}