{"0.0": {"precision": 1.0, "recall": 0.9840142095914742, "f1-score": 0.9919427036705462, "support": 563}, "accuracy": 0.9840142095914742, "weighted avg": {"precision": 1.0, "recall": 0.9840142095914742, "f1-score": 0.9919427036705462, "support": 563}}