{"0.0": {"precision": 1.0, "recall": 0.9786856127886323, "f1-score": 0.9892280071813285, "support": 563}, "1.0": {"precision": 0.0, "recall": 0.0, "f1-score": 0.0, "support": 0}, "accuracy": 0.9786856127886323, "macro avg": {"precision": 0.5, "recall": 0.48934280639431615, "f1-score": 0.49461400359066426, "support": 563}, "weighted avg": {"precision": 1.0, "recall": 0.9786856127886323, "f1-score": 0.9892280071813284, "support": 563}}