{"0.0": {"precision": 1.0, "recall": 0.9982238010657194, "f1-score": 0.9991111111111112, "support": 563}, "accuracy": 0.9982238010657194, "weighted avg": {"precision": 1.0, "recall": 0.9982238010657194, "f1-score": 0.9991111111111112, "support": 563}}