{"0.0": {"precision": 1.0, "recall": 0.9964476021314387, "f1-score": 0.998220640569395, "support": 563}, "accuracy": 0.9964476021314387, "weighted avg": {"precision": 1.0, "recall": 0.9964476021314387, "f1-score": 0.998220640569395, "support": 563}}