{"0.0": {"precision": 1.0, "recall": 0.9680284191829485, "f1-score": 0.983754512635379, "support": 563}, "1.0": {"precision": 0.0, "recall": 0.0, "f1-score": 0.0, "support": 0}, "accuracy": 0.9680284191829485, "macro avg": {"precision": 0.5, "recall": 0.48401420959147423, "f1-score": 0.4918772563176895, "support": 563}, "weighted avg": {"precision": 1.0, "recall": 0.9680284191829485, "f1-score": 0.983754512635379, "support": 563}}