{"0.0": {"precision": 1.0, "recall": 0.9840142095914742, "f1-score": 0.9919427036705462, "support": 563}, "1.0": {"precision": 0.0, "recall": 0.0, "f1-score": 0.0, "support": 0}, "accuracy": 0.9840142095914742, "macro avg": {"precision": 0.5, "recall": 0.4920071047957371, "f1-score": 0.4959713518352731, "support": 563}, "weighted avg": {"precision": 1.0, "recall": 0.9840142095914742, "f1-score": 0.9919427036705462, "support": 563}}