{"0.0": {"precision": 1.0, "recall": 0.9609236234458259, "f1-score": 0.980072463768116, "support": 563}, "1.0": {"precision": 0.0, "recall": 0.0, "f1-score": 0.0, "support": 0}, "accuracy": 0.9609236234458259, "macro avg": {"precision": 0.5, "recall": 0.48046181172291297, "f1-score": 0.490036231884058, "support": 563}, "weighted avg": {"precision": 1.0, "recall": 0.9609236234458259, "f1-score": 0.9800724637681159, "support": 563}}