{"0.0": {"precision": 1.0, "recall": 0.9946714031971581, "f1-score": 0.9973285841495992, "support": 563}, "accuracy": 0.9946714031971581, "weighted avg": {"precision": 1.0, "recall": 0.9946714031971581, "f1-score": 0.9973285841495992, "support": 563}}