{"0.0": {"precision": 1.0, "recall": 0.9982238010657194, "f1-score": 0.9991111111111112, "support": 563}, "1.0": {"precision": 0.0, "recall": 0.0, "f1-score": 0.0, "support": 0}, "accuracy": 0.9982238010657194, "macro avg": {"precision": 0.5, "recall": 0.4991119005328597, "f1-score": 0.4995555555555556, "support": 563}, "weighted avg": {"precision": 1.0, "recall": 0.9982238010657194, "f1-score": 0.9991111111111112, "support": 563}}