{"0.0": {"precision": 1.0, "recall": 0.9609236234458259, "f1-score": 0.980072463768116, "support": 563}, "accuracy": 0.9609236234458259, "weighted avg": {"precision": 1.0, "recall": 0.9609236234458259, "f1-score": 0.9800724637681159, "support": 563}}