{"0.0": {"precision": 0.8452685421994884, "recall": 1.0, "f1-score": 0.9161469161469161, "support": 661}, "1.0": {"precision": 1.0, "recall": 0.9812780442518954, "f1-score": 0.990550566185084, "support": 6463}, "accuracy": 0.9830151600224593, "macro avg": {"precision": 0.9226342710997442, "recall": 0.9906390221259477, "f1-score": 0.953348741166, "support": 7124}, "weighted avg": {"precision": 0.9856432490726926, "recall": 0.9830151600224593, "f1-score": 0.9836470270672808, "support": 7124}}