{"0.0": {"precision": 0.8284182305630027, "recall": 1.0, "f1-score": 0.9061583577712611, "support": 309}, "1.0": {"precision": 1.0, "recall": 0.9803379416282642, "f1-score": 0.9900713620850139, "support": 3255}, "accuracy": 0.9820426487093153, "macro avg": {"precision": 0.9142091152815013, "recall": 0.9901689708141321, "f1-score": 0.9481148599281375, "support": 3564}, "weighted avg": {"precision": 0.9851238028181728, "recall": 0.9820426487093153, "f1-score": 0.9827960763574747, "support": 3564}}