{"0.0": {"precision": 1.0, "recall": 0.9789615040286481, "f1-score": 0.989368921058584, "support": 2234}, "accuracy": 0.9789615040286481, "weighted avg": {"precision": 1.0, "recall": 0.9789615040286481, "f1-score": 0.989368921058584, "support": 2234}}