{"0.0": {"precision": 1.0, "recall": 0.9986571172784243, "f1-score": 0.9993281075027994, "support": 2234}, "accuracy": 0.9986571172784243, "weighted avg": {"precision": 1.0, "recall": 0.9986571172784243, "f1-score": 0.9993281075027995, "support": 2234}}