{"0.0": {"precision": 1.0, "recall": 0.9856759176365264, "f1-score": 0.9927862939585211, "support": 2234}, "accuracy": 0.9856759176365264, "weighted avg": {"precision": 1.0, "recall": 0.9856759176365264, "f1-score": 0.9927862939585211, "support": 2234}}