{"0": {"precision": 1.0, "recall": 0.9977262391996362, "f1-score": 0.9988618256316868, "support": 2199}, "1": {"precision": 0.875, "recall": 1.0, "f1-score": 0.9333333333333333, "support": 35}, "accuracy": 0.9977618621307073, "macro avg": {"precision": 0.9375, "recall": 0.9988631195998181, "f1-score": 0.9660975794825101, "support": 2234}, "weighted avg": {"precision": 0.9980416293643688, "recall": 0.9977618621307073, "f1-score": 0.9978351930307725, "support": 2234}}