{"0.0": {"precision": 1.0, "recall": 0.9561324977618622, "f1-score": 0.9775743707093821, "support": 2234}, "accuracy": 0.9561324977618622, "weighted avg": {"precision": 1.0, "recall": 0.9561324977618622, "f1-score": 0.9775743707093822, "support": 2234}}