{"0": {"precision": 1.0, "recall": 0.9995242626070409, "f1-score": 0.9997620747085415, "support": 2102}, "1": {"precision": 0.9924812030075187, "recall": 1.0, "f1-score": 0.9962264150943396, "support": 132}, "accuracy": 0.9995523724261415, "macro avg": {"precision": 0.9962406015037594, "recall": 0.9997621313035204, "f1-score": 0.9979942449014405, "support": 2234}, "weighted avg": {"precision": 0.9995557380469975, "recall": 0.9995523724261415, "f1-score": 0.9995531637555088, "support": 2234}}