{"0.0": {"precision": 1.0, "recall": 0.9955237242614146, "f1-score": 0.9977568416330194, "support": 2234}, "1.0": {"precision": 0.0, "recall": 0.0, "f1-score": 0.0, "support": 0}, "accuracy": 0.9955237242614146, "macro avg": {"precision": 0.5, "recall": 0.4977618621307073, "f1-score": 0.4988784208165097, "support": 2234}, "weighted avg": {"precision": 1.0, "recall": 0.9955237242614146, "f1-score": 0.9977568416330194, "support": 2234}}