{"0.0": {"precision": 1.0, "recall": 0.9941599281221922, "f1-score": 0.9970714124802883, "support": 2226}, "accuracy": 0.9941599281221922, "weighted avg": {"precision": 1.0, "recall": 0.9941599281221922, "f1-score": 0.9970714124802883, "support": 2226}}