{"0.0": {"precision": 1.0, "recall": 0.9986571172784243, "f1-score": 0.9993281075027994, "support": 2234}, "1.0": {"precision": 0.0, "recall": 0.0, "f1-score": 0.0, "support": 0}, "accuracy": 0.9986571172784243, "macro avg": {"precision": 0.5, "recall": 0.49932855863921216, "f1-score": 0.4996640537513997, "support": 2234}, "weighted avg": {"precision": 1.0, "recall": 0.9986571172784243, "f1-score": 0.9993281075027995, "support": 2234}}