{"0.0": {"precision": 1.0, "recall": 0.9856759176365264, "f1-score": 0.9927862939585211, "support": 2234}, "1.0": {"precision": 0.0, "recall": 0.0, "f1-score": 0.0, "support": 0}, "accuracy": 0.9856759176365264, "macro avg": {"precision": 0.5, "recall": 0.4928379588182632, "f1-score": 0.49639314697926057, "support": 2234}, "weighted avg": {"precision": 1.0, "recall": 0.9856759176365264, "f1-score": 0.9927862939585211, "support": 2234}}