{"0.0": {"precision": 1.0, "recall": 0.9561324977618622, "f1-score": 0.9775743707093821, "support": 2234}, "1.0": {"precision": 0.0, "recall": 0.0, "f1-score": 0.0, "support": 0}, "accuracy": 0.9561324977618622, "macro avg": {"precision": 0.5, "recall": 0.4780662488809311, "f1-score": 0.48878718535469107, "support": 2234}, "weighted avg": {"precision": 1.0, "recall": 0.9561324977618622, "f1-score": 0.9775743707093822, "support": 2234}}