{"0": {"precision": 1.0, "recall": 0.999552171965965, "f1-score": 0.9997760358342664, "support": 2233}, "1": {"precision": 0.5, "recall": 1.0, "f1-score": 0.6666666666666666, "support": 1}, "accuracy": 0.9995523724261415, "macro avg": {"precision": 0.75, "recall": 0.9997760859829825, "f1-score": 0.8332213512504665, "support": 2234}, "weighted avg": {"precision": 0.9997761862130707, "recall": 0.9995523724261415, "f1-score": 0.9996269268955162, "support": 2234}}