{"0": {"precision": 1.0, "recall": 0.9753694581280788, "f1-score": 0.9875311720698255, "support": 2233}, "1": {"precision": 0.017857142857142856, "recall": 1.0, "f1-score": 0.03508771929824561, "support": 1}, "accuracy": 0.9753804834377797, "macro avg": {"precision": 0.5089285714285714, "recall": 0.9876847290640394, "f1-score": 0.5113094456840356, "support": 2234}, "weighted avg": {"precision": 0.9995603657756748, "recall": 0.9753804834377797, "f1-score": 0.9871048321178238, "support": 2234}}