{"0.0": {"precision": 1.0, "recall": 0.9941599281221922, "f1-score": 0.9970714124802883, "support": 2226}, "1.0": {"precision": 0.0, "recall": 0.0, "f1-score": 0.0, "support": 0}, "accuracy": 0.9941599281221922, "macro avg": {"precision": 0.5, "recall": 0.4970799640610961, "f1-score": 0.49853570624014415, "support": 2226}, "weighted avg": {"precision": 1.0, "recall": 0.9941599281221922, "f1-score": 0.9970714124802883, "support": 2226}}