{"0.0": {"precision": 1.0, "recall": 0.9955237242614146, "f1-score": 0.9977568416330194, "support": 2234}, "accuracy": 0.9955237242614146, "weighted avg": {"precision": 1.0, "recall": 0.9955237242614146, "f1-score": 0.9977568416330194, "support": 2234}}