{"0.0": {"precision": 1.0, "recall": 0.9789615040286481, "f1-score": 0.989368921058584, "support": 2234}, "1.0": {"precision": 0.0, "recall": 0.0, "f1-score": 0.0, "support": 0}, "accuracy": 0.9789615040286481, "macro avg": {"precision": 0.5, "recall": 0.48948075201432406, "f1-score": 0.494684460529292, "support": 2234}, "weighted avg": {"precision": 1.0, "recall": 0.9789615040286481, "f1-score": 0.989368921058584, "support": 2234}}