{"0.0": {"precision": 1.0, "recall": 0.9843330349149507, "f1-score": 0.9921046695240243, "support": 2234}, "1.0": {"precision": 0.0, "recall": 0.0, "f1-score": 0.0, "support": 0}, "accuracy": 0.9843330349149507, "macro avg": {"precision": 0.5, "recall": 0.49216651745747536, "f1-score": 0.49605233476201216, "support": 2234}, "weighted avg": {"precision": 1.0, "recall": 0.9843330349149507, "f1-score": 0.9921046695240242, "support": 2234}}