{"0.0": {"precision": 0.8467153284671532, "recall": 1.0, "f1-score": 0.9169960474308301, "support": 232}, "1.0": {"precision": 1.0, "recall": 0.9640718562874252, "f1-score": 0.9817073170731708, "support": 1169}, "accuracy": 0.9700214132762313, "macro avg": {"precision": 0.9233576642335766, "recall": 0.9820359281437125, "f1-score": 0.9493516822520005, "support": 1401}, "weighted avg": {"precision": 0.9746166710952031, "recall": 0.9700214132762313, "f1-score": 0.9709913894807204, "support": 1401}}