{"0.0": {"precision": 0.9016129032258065, "recall": 1.0, "f1-score": 0.9482612383375743, "support": 559}, "1.0": {"precision": 1.0, "recall": 0.9791595490263068, "f1-score": 0.9894700500604178, "support": 2927}, "accuracy": 0.9825014343086632, "macro avg": {"precision": 0.9508064516129032, "recall": 0.9895797745131534, "f1-score": 0.968865644198996, "support": 3486}, "weighted avg": {"precision": 0.9842230673847463, "recall": 0.9825014343086632, "f1-score": 0.9828619818581604, "support": 3486}}