{"0.0": {"precision": 0.8565217391304348, "recall": 1.0, "f1-score": 0.9227166276346604, "support": 394}, "1.0": {"precision": 1.0, "recall": 0.983743842364532, "f1-score": 0.9918053141296251, "support": 4060}, "accuracy": 0.9851818590031433, "macro avg": {"precision": 0.9282608695652175, "recall": 0.991871921182266, "f1-score": 0.9572609708821428, "support": 4454}, "weighted avg": {"precision": 0.9873079401026923, "recall": 0.9851818590031433, "f1-score": 0.9856937419520284, "support": 4454}}