{"0.0": {"precision": 0.8979591836734694, "recall": 1.0, "f1-score": 0.9462365591397849, "support": 88}, "1.0": {"precision": 1.0, "recall": 0.9875930521091811, "f1-score": 0.9937578027465668, "support": 806}, "accuracy": 0.9888143176733781, "macro avg": {"precision": 0.9489795918367347, "recall": 0.9937965260545906, "f1-score": 0.9699971809431758, "support": 894}, "weighted avg": {"precision": 0.9899557138291558, "recall": 0.9888143176733781, "f1-score": 0.9890800964407538, "support": 894}}