{"0": {"precision": 1.0, "recall": 0.9990942028985508, "f1-score": 0.9995468962392388, "support": 1104}, "1": {"precision": 0.9411764705882353, "recall": 1.0, "f1-score": 0.9696969696969697, "support": 16}, "accuracy": 0.9991071428571429, "macro avg": {"precision": 0.9705882352941176, "recall": 0.9995471014492754, "f1-score": 0.9846219329681043, "support": 1120}, "weighted avg": {"precision": 0.9991596638655462, "recall": 0.9991071428571429, "f1-score": 0.9991204687172064, "support": 1120}}