{"0.0": {"precision": 1.0, "recall": 0.9598214285714286, "f1-score": 0.979498861047836, "support": 1120}, "accuracy": 0.9598214285714286, "weighted avg": {"precision": 1.0, "recall": 0.9598214285714286, "f1-score": 0.979498861047836, "support": 1120}}