{"0.0": {"precision": 1.0, "recall": 0.9839285714285714, "f1-score": 0.991899189918992, "support": 1120}, "1.0": {"precision": 0.0, "recall": 0.0, "f1-score": 0.0, "support": 0}, "accuracy": 0.9839285714285714, "macro avg": {"precision": 0.5, "recall": 0.4919642857142857, "f1-score": 0.495949594959496, "support": 1120}, "weighted avg": {"precision": 1.0, "recall": 0.9839285714285714, "f1-score": 0.991899189918992, "support": 1120}}