{"0.0": {"precision": 1.0, "recall": 0.9696428571428571, "f1-score": 0.9845874886672711, "support": 1120}, "accuracy": 0.9696428571428571, "weighted avg": {"precision": 1.0, "recall": 0.9696428571428571, "f1-score": 0.9845874886672712, "support": 1120}}