{"0.0": {"precision": 1.0, "recall": 0.9919354838709677, "f1-score": 0.9959514170040485, "support": 1116}, "accuracy": 0.9919354838709677, "weighted avg": {"precision": 1.0, "recall": 0.9919354838709677, "f1-score": 0.9959514170040487, "support": 1116}}