{"0.0": {"precision": 1.0, "recall": 0.9919354838709677, "f1-score": 0.9959514170040485, "support": 1116}, "1.0": {"precision": 0.0, "recall": 0.0, "f1-score": 0.0, "support": 0}, "accuracy": 0.9919354838709677, "macro avg": {"precision": 0.5, "recall": 0.4959677419354839, "f1-score": 0.4979757085020243, "support": 1116}, "weighted avg": {"precision": 1.0, "recall": 0.9919354838709677, "f1-score": 0.9959514170040487, "support": 1116}}