{"0.0": {"precision": 1.0, "recall": 0.9991071428571429, "f1-score": 0.9995533720410897, "support": 1120}, "1.0": {"precision": 0.0, "recall": 0.0, "f1-score": 0.0, "support": 0}, "accuracy": 0.9991071428571429, "macro avg": {"precision": 0.5, "recall": 0.49955357142857143, "f1-score": 0.49977668602054487, "support": 1120}, "weighted avg": {"precision": 1.0, "recall": 0.9991071428571429, "f1-score": 0.9995533720410898, "support": 1120}}