{"0.0": {"precision": 1.0, "recall": 0.9598214285714286, "f1-score": 0.979498861047836, "support": 1120}, "1.0": {"precision": 0.0, "recall": 0.0, "f1-score": 0.0, "support": 0}, "accuracy": 0.9598214285714286, "macro avg": {"precision": 0.5, "recall": 0.4799107142857143, "f1-score": 0.489749430523918, "support": 1120}, "weighted avg": {"precision": 1.0, "recall": 0.9598214285714286, "f1-score": 0.979498861047836, "support": 1120}}