{"0.0": {"precision": 1.0, "recall": 0.9839285714285714, "f1-score": 0.991899189918992, "support": 1120}, "accuracy": 0.9839285714285714, "weighted avg": {"precision": 1.0, "recall": 0.9839285714285714, "f1-score": 0.991899189918992, "support": 1120}}