{"0.0": {"precision": 1.0, "recall": 0.9991071428571429, "f1-score": 0.9995533720410897, "support": 1120}, "accuracy": 0.9991071428571429, "weighted avg": {"precision": 1.0, "recall": 0.9991071428571429, "f1-score": 0.9995533720410898, "support": 1120}}