{"0.0": {"precision": 1.0, "recall": 0.9696428571428571, "f1-score": 0.9845874886672711, "support": 1120}, "1.0": {"precision": 0.0, "recall": 0.0, "f1-score": 0.0, "support": 0}, "accuracy": 0.9696428571428571, "macro avg": {"precision": 0.5, "recall": 0.48482142857142857, "f1-score": 0.49229374433363554, "support": 1120}, "weighted avg": {"precision": 1.0, "recall": 0.9696428571428571, "f1-score": 0.9845874886672712, "support": 1120}}