{"0.0": {"precision": 1.0, "recall": 0.9919642857142857, "f1-score": 0.9959659345584939, "support": 1120}, "accuracy": 0.9919642857142857, "weighted avg": {"precision": 1.0, "recall": 0.9919642857142857, "f1-score": 0.9959659345584939, "support": 1120}}