{"0.0": {"precision": 1.0, "recall": 0.9955357142857143, "f1-score": 0.9977628635346756, "support": 1120}, "accuracy": 0.9955357142857143, "weighted avg": {"precision": 1.0, "recall": 0.9955357142857143, "f1-score": 0.9977628635346755, "support": 1120}}