{"0.0": {"precision": 1.0, "recall": 0.9741071428571428, "f1-score": 0.9868837630031659, "support": 1120}, "1.0": {"precision": 0.0, "recall": 0.0, "f1-score": 0.0, "support": 0}, "accuracy": 0.9741071428571428, "macro avg": {"precision": 0.5, "recall": 0.4870535714285714, "f1-score": 0.49344188150158297, "support": 1120}, "weighted avg": {"precision": 1.0, "recall": 0.9741071428571428, "f1-score": 0.9868837630031659, "support": 1120}}