{"0.0": {"precision": 1.0, "recall": 0.9919642857142857, "f1-score": 0.9959659345584939, "support": 1120}, "1.0": {"precision": 0.0, "recall": 0.0, "f1-score": 0.0, "support": 0}, "accuracy": 0.9919642857142857, "macro avg": {"precision": 0.5, "recall": 0.49598214285714287, "f1-score": 0.49798296727924696, "support": 1120}, "weighted avg": {"precision": 1.0, "recall": 0.9919642857142857, "f1-score": 0.9959659345584939, "support": 1120}}