{"0.0": {"precision": 1.0, "recall": 0.9955357142857143, "f1-score": 0.9977628635346756, "support": 1120}, "1.0": {"precision": 0.0, "recall": 0.0, "f1-score": 0.0, "support": 0}, "accuracy": 0.9955357142857143, "macro avg": {"precision": 0.5, "recall": 0.49776785714285715, "f1-score": 0.4988814317673378, "support": 1120}, "weighted avg": {"precision": 1.0, "recall": 0.9955357142857143, "f1-score": 0.9977628635346755, "support": 1120}}