{"0.0": {"precision": 1.0, "recall": 0.9741071428571428, "f1-score": 0.9868837630031659, "support": 1120}, "accuracy": 0.9741071428571428, "weighted avg": {"precision": 1.0, "recall": 0.9741071428571428, "f1-score": 0.9868837630031659, "support": 1120}}