{"0.0": {"precision": 0.8697729988052568, "recall": 1.0, "f1-score": 0.9303514376996804, "support": 728}, "1.0": {"precision": 1.0, "recall": 0.9721938775510204, "f1-score": 0.9859009183805458, "support": 3920}, "accuracy": 0.9765490533562823, "macro avg": {"precision": 0.9348864994026285, "recall": 0.9860969387755102, "f1-score": 0.9581261780401131, "support": 4648}, "weighted avg": {"precision": 0.9796029998128716, "recall": 0.9765490533562823, "f1-score": 0.9772003973100488, "support": 4648}}