{"0.0": {"precision": 0.8442437923250564, "recall": 1.0, "f1-score": 0.9155446756425949, "support": 748}, "1.0": {"precision": 1.0, "recall": 0.9810074318744839, "f1-score": 0.9904126719466444, "support": 7266}, "accuracy": 0.9827801347641627, "macro avg": {"precision": 0.9221218961625282, "recall": 0.990503715937242, "f1-score": 0.9529786737946196, "support": 8014}, "weighted avg": {"precision": 0.9854622356699703, "recall": 0.9827801347641627, "f1-score": 0.9834247431675792, "support": 8014}}